Code,Status,Match_Found,Start_Time,End_Time,Similarity,Matched_Text,Match_Type,Callme_output,Other LLMs: Gemini
JPN_002,Match found,TRUE,259.03,330.94,0.8930957683741648," Okay. Okay. Yes. Yes. A few weeks ago  Uh, a man think that uh, he want to go to the uh, go to swimming so  but and but uh, he thinks that he saw that he don't have the money so  In in this in that time he saw the uh poster about  uh  Stuff wanted so he thinks that if he gets a job like that he can get the money. So  He started to work  Uh, just as a staff members at the shop so he  uh, so  Since uh, he  Work he worked better so he finally gets the money so  Finally he even  To the swimming",window_13,"### 1. Fluency & Understanding
- **Fluency Score:** 51/100
- **Pronunciation Accuracy:** 87.93/100
- **Speaking Rate:** 68.34 words per minute

### 2. Better Expression
A few weeks ago, a man wanted to go swimming, but he thought he didn¡¯t have enough money. Then he saw a ""Staff Wanted"" poster and realized that if he got that job, he could earn the money. So, he started working as a staff member at the shop. He worked hard and eventually earned enough money to go swimming.

### 3. Feedback
**What was good:** 
- Clear sequence of events.
- Logical progression from problem to solution.

**Improvements:** 
- Use more varied vocabulary.
- Avoid repetitive phrases for smoother flow.

### 4. Key Phrases
- ""Staff Wanted""
- ""Earn enough money""
- ""Logical progression""

### 5. Speaking Tip
Try to use varied sentence structures to make your storytelling more engaging. For example, mix short and long sentences to maintain interest!","
1. Fluency & Understanding
That was a great job describing the story shown in the pictures! I could easily follow the man's journey from wanting a vacation to getting a job and finally taking his trip.

2. Better Expression
Here is a more natural and fluent way to express the same story:

""A few weeks ago, a man was dreaming of going swimming at the beach. However, he realized he didn't have enough money. At that moment, he noticed a 'Staff Wanted' poster. He thought that if he could get a job like that, he would be able to earn the money. So, he started working as a staff member at a shop. He worked hard and did well, so he finally earned his salary. In the end, he was able to go on his trip and enjoy swimming.""

3. Feedback
Good: You clearly narrated the sequence of events and used good linking words like ""so"" and ""finally.""

Improvement: Work on common phrases like ""didn't have the money"" (better: didn't have enough money) and using the correct form of the verb ""to get"" in the past (""got"" or in this case, ""earned"").

4. Key Phrases
Dreaming of: A natural way to say someone is thinking about something they want (e.g., ""dreaming of a vacation"").

Staff Member: A professional term for an employee (better than just ""staff"").

Earned his salary: A clear and appropriate phrase for being paid for work.

5. Speaking Tip
Try to pause slightly before the most important information in a sentence. For example, ""He noticed a poster, 'Staff Wanted'."" This helps to emphasize the key point and makes your speech sound more dynamic."
JPN_006,Match found,TRUE,355.82,451.5,0.8520710059171599," weeks ago. A few weeks ago, a few weeks ago. A came of this, I have an idea that to swing  industry, so but I don't have any money to go. So the last day, I, I found.  And I found the paper, so last day I decided to walk to get money.  So I worked very hard, so the last day of working I got much money, so this is enough  to go to the beach.",window_5,"### 1. Fluency & Understanding
- **Fluency Score:** 26/100
- **Pronunciation Accuracy:** 40/100
- **Speaking Rate:** 50 words per minute

### 2. Better Expression
""A few weeks ago, I planned to go to the aquarium, but I didn't have enough money. On my last day of work, I had plenty of money, but it wasn't enough for a trip to the ocean.""

### 3. Feedback
- **Good:** You expressed your thoughts clearly and shared your experience well.
- **Improvement:** Work on your pronunciation and try to speak a bit faster to improve your fluency.

### 4. Key Phrases
- ""I planned to go""
- ""I didn't have enough money""
- ""On my last day of work""

### 5. Speaking Tip
Practice speaking in front of a mirror or record yourself to observe your pronunciation and pacing. This can help build confidence!","
1. Fluency & Understanding
That was a very clear and detailed description of the story! You successfully conveyed the sequence of the man's desire for a trip, his lack of money, his decision to work, and his final success.

2. Better Expression
Here is a more natural and fluent version of your story:

""A few weeks ago, I came up with the idea to go swimming in the sea. But, I didn't have any money for the trip. So, I saw an advertisement and decided to get a job to earn money. I worked very hard. On the day I finished my work, I received a good amount of money. I was so happy because it was enough to finally go to the beach!""

3. Feedback
Good: You effectively used the phrase ""came up with the idea"" and the transition ""so"" to link your thoughts. Your intonation showed enthusiasm at the end.

Improvement: Focus on correctly using past simple tense for narration (e.g., ""I saw"" instead of ""I found the paper""). Also, remember to say ""amount of money"" rather than just ""money"" when describing a quantity.

4. Key Phrases
Came up with the idea: A great, natural way to say you thought of something.

Get a job: More common and direct than saying you decided to work.

A good amount of money: A perfect phrase to describe a satisfactory sum of cash.

5. Speaking Tip
When narrating a story, try to use contractions (like didn't instead of did not). This will make your English sound more natural and fluent, as native speakers use them constantly in casual speech."
JPN_025,Match found,TRUE,295.72,365.37,0.9146757679180887," Okay, you had a few weeks ago a man thought  He wanted to  Swim in the sea and number two, but he have no money  and  Number three, he found a  He found the information about the part-time job and  Number four  He started to do part-time job and  In his part-time job and he  Explained the PC and  To the customer and number five he was given the  money  So he  Collected the enough money. So number six. He can swim in the sea with his friends. Okay, great",window_14,"### 1. Fluency & Understanding
- **Fluency Score:** 61/100
- **Pronunciation Accuracy:** 70/100
- **Speaking Rate:** 71 words/min

### 2. Better Expression
A few weeks ago, a man wanted to swim in the sea, but he didn¡¯t have any money. Then he found a part-time job. In this job, he explained how to use a computer to customers. After some time, he earned enough money, and finally, he was able to go swimming.

### 3. Feedback
**Good:** 
- The story is clear and follows a logical sequence.
- You used transitions to connect ideas.

**Improvement:**
- Try to reduce repetition (e.g., ""number one,"" ""number two"").
- Focus on using more varied sentence structures for better flow.

### 4. Key Phrases
- ""part-time job""
- ""earned enough money""
- ""able to go swimming""

### 5. Speaking Tip
Practice combining shorter sentences into longer ones to improve flow and coherence. This will make your speaking sound more natural.","1. Fluency & Understanding
That was a very clear and well-structured narration! You told the story panel-by-panel, which made it very easy to follow the man's progression toward his vacation goal.

2. Better Expression
Here is a more natural and fluent way to express the story:

""A few weeks ago, a man was thinking about swimming in the sea. But, as panel two shows, he didn't have any money. Then, he noticed a sign for a part-time job. In panel four, he started his job, where he was explaining a PC to a customer. Finally, in panel five, he was paid and had collected enough money. This meant that in panel six, he could finally go swimming!""

3. Feedback
Good: You used descriptive verbs like ""thinking about"" and correctly identified the ""part-time job."" Structuring your response by referring to the panel numbers was very effective.

Improvement: Work on using the Simple Past tense consistently for narration (e.g., ""he didn't have"" instead of ""he have no money""). Also, try to use more active voice, like ""he was paid"" or ""he earned money"" rather than ""he was given the money.""

4. Key Phrases
Thinking about: A common and natural way to express what someone is considering (e.g., ""thinking about a trip"").

Was paid: A clear, concise way to say he received his money.

Collected enough money: Implies saving or gathering the necessary funds.

5. Speaking Tip
Try to vary your sentence beginnings. Instead of starting many sentences with ""And number X,"" you could use transition words like ""Then,"" ""After that,"" or ""Consequently"" (meaning ""as a result"") to make your story flow more smoothly."
JPN_033,Match found,TRUE,365.22,454.52,0.8484848484848484," Let's go a few a few weeks ago demand went to the sea and  And he  Then and he swim in the sea a lot  But it costs a lot because  The sea is what was far from where he lives, so it  Costs really very much to and to go there  Mm-hmm and  He find um, he found the  Part-time jobs  offer mm-hmm and  he  Start to work at the  Electronic  journey  Uh, so he and he started to start it working at  the store which sells like electronic  devices  and  He earned a lot of  He earned a lot  and then he  finally he can and go  to the  He can go to the sea again",window_24,"### 1. Fluency & Understanding
- Fluency Score: 48.5/100
- Pronunciation Accuracy: 17.67/100
- Speaking Rate: 55 words per minute

### 2. Better Expression
The man dreamed of going to the beach but found it expensive since it was far from his home. To earn money, he discovered a part-time job at an electronics store. After working there, he saved enough to go back to the beach with his friends.

### 3. Feedback
**What was good:** 
- The storyline was clear and structured.
- You conveyed your thoughts well.

**Improvements needed:** 
- Try to avoid repetition in your sentences.
- Use more varied vocabulary for better expression.

### 4. Key Phrases
- ""Part-time job""
- ""Earned enough""
- ""Go back to the beach""

### 5. Speaking Tip
Practice speaking in shorter sentences to improve clarity and flow. This will also help you avoid repetition!","1. Fluency & Understanding
That was an engaging story! You clearly explained the man's desire for a sea trip, the financial problem, the solution of getting a job, and the final happy result of swimming with friends.

2. Better Expression
Here is a more natural and fluent version of your narrative:

""The man was dreaming of a trip to the sea, where he could go swimming. However, since the beach was far from where he lived, the trip would cost a lot of money. Then, he came across an advertisement for a part-time job. He started working at a store that sells electronic devices. He was able to earn a significant amount of money. With his earnings, he could finally go back to the sea with his friends.""

3. Feedback
Good: You used complex sentence structures effectively (e.g., explaining the reason for the high cost). You also used specific vocabulary like ""electronic devices.""

Improvement: Be careful with verb forms, particularly when combining modals and main verbs (e.g., ""he can go"" should be ""he could go"" or ""he went""). Try to replace ""find"" with more descriptive verbs like ""came across"" or ""found.""

4. Key Phrases
Dreaming of: Implies a strong desire or fantasy, which fits the first picture well.

Came across an advertisement: A natural, dynamic way to say he found a job poster.

Earn a significant amount of money: A sophisticated way to say he got a lot of money.

5. Speaking Tip
Practice using reporting verbs (like said, told, explained, dreamed, realized) and their correct prepositions. This will add variety and precision to your stories. For example, instead of just saying ""he was thinking,"" say ""he dreamed of"" or ""he realized that."""
JPN_037,Match found,TRUE,300.04,390.12,0.8813247470101195," Okay. A few weeks ago, the boy wants to go to Washington in the summer.  And he wants to swim.  And he was also surfing.  But he didn't have much money to go there.  So he thinks how to borrow the money.  And the day before, the day after he found the paper,  which they turned the stuff wanted.  And he applied for the job there.  And there is a store which sells the TV and differentiators.  And he worked up there.  And most of the time he served the computers.  And a few weeks he worked up the store.  And he got the money.  And he went to the ocean to swim.",window_14,"### 1. Fluency & Understanding
- **Fluency Score:** 61/100  
- **Pronunciation Accuracy:** 75/100  
- **Speaking Rate:** 64 words per minute  

### 2. Better Expression
A few weeks ago, a boy said he wanted to go to the beach in the summer. He wanted to swim and surf, but he didn't have the money to go. So, he thought of ways to earn some money. Then he found a job listing that needed staff. The store sold TVs and refrigerators. He worked there and eventually started selling computers. A few weeks later, he began making money. Finally, he went to the beach.

### 3. Feedback
- **What was good:** The story had a clear sequence and was easy to follow. 
- **Improvements:** Work on varying sentence structure for more fluidity and practicing pronunciation for clarity.

### 4. Key Phrases
- ""Wanted to go to the beach""
- ""Thought of ways to earn money""
- ""Began making money""

### 5. Speaking Tip
Try to add some pauses between sentences to make your speech clearer and easier to follow. This will also give you time to think about the next point you want to make.","1. Fluency & Understanding
That was a very clear and detailed account of the man's journey to the sea! I understood every step, from his dream vacation to earning the money he needed.

2. Better Expression
Here is a more natural and fluent way to tell the story:

""A few weeks ago, the man really wanted to go to the beach that summer to go swimming and surfing. However, he realized he didn't have enough money for the trip. So, he thought about how to earn the money. Soon after, he saw a poster that read 'Staff Wanted'. He applied for the job at a store that sells electronics like TVs and refrigerators. He worked there for a few weeks, mostly selling computers. He earned plenty of money and, in the end, got to go to the beach to swim.""

3. Feedback
Good: You used descriptive verbs like ""wanted"" and ""realized,"" and you were specific about the types of products the store sold.

Improvement: Continue to practice Simple Past tense consistency (e.g., ""he went"" instead of ""he get the money and he went to...""). Also, use ""plenty of money"" or ""enough money"" instead of ""much money.""

4. Key Phrases
Really wanted: A stronger, more natural way to express a strong desire.

Applied for the job: A concise and correct phrase for submitting an application.

Got to go: A relaxed, common phrase meaning he had the opportunity to go somewhere.

5. Speaking Tip
When you are transitioning from one action to the next, try to use time-specific words like ""Soon after,"" ""Next,"" or ""Later that day."" This helps make the flow of events clearer for the listener."
JPN_044,Match found,TRUE,332.21,408.32,0.6594594594594594, Excuse me. You have to begin with a few weeks ago.  A few weeks ago in summer.  Don't have money.  He gets a job.  He gets a money to sing.  Then he can sing.,window_6,"### 1. Fluency & Understanding
- **Fluency Score:** 35/100  
- **Pronunciation Accuracy:** 57/100  
- **Speaking Rate:** 32 words per minute  

### 2. Better Expression
A few weeks ago, a man wanted to swim in the summer, but he didn¡¯t have any money. Then, he saw a ""Staff Wanted"" sign. He got a job, earned some money, and was finally able to swim.

### 3. Feedback
**Good:**  
- You conveyed the story clearly.  
- You followed a logical sequence of events.  

**Improvements:**  
- Work on word choice and sentence structure for clarity.  
- Reduce repetition for smoother flow.  

### 4. Key Phrases
- ""Staff Wanted""  
- ""Earned some money""  
- ""Able to swim""  

### 5. Speaking Tip
Practice speaking in shorter sentences to improve clarity and fluency. This will help you organize your thoughts better!","1. Fluency & Understanding
That was a concise and clear summary of the story! You successfully covered the main plot points: the man's desire to swim, his lack of money, getting a job, earning money, and finally going for a swim.

2. Better Expression
Here is a more natural and fluent way to express the same story:

""A few weeks ago, a man was planning to go swimming over the summer. However, he didn't have any money. Then, he found an advertisement for a job. He applied and got the job. He worked hard and earned the money he needed for his trip. After that, he was able to go swimming.""

3. Feedback
Good: You used the required starting phrase and clearly connected the events. You correctly used ""didn't have money"" (even though you said ""don't have money"" at first, you corrected the construction later).

Improvement: Focus on consistently using the Simple Past tense when narrating past events (e.g., ""he got a job,"" ""he earned money""). Also, try to use more specific verbs like ""found an advertisement"" instead of ""find a sign of job.""

4. Key Phrases
Was planning to: A great way to talk about intentions in the past.

Found an advertisement: A common and clear phrase for seeing a job notice.

Earned the money: A more specific and formal way than ""got money"" to describe being paid for work.

5. Speaking Tip
When you practice, try to slow down just a little when you are forming the verb tense. This will give you time to remember the correct past form (like found instead of find) and make your speech much more accurate!"
JPN_065,Match found,TRUE,294.56,351.87,0.8784313725490196," A few weeks ago.  A boy think she wants to go to sea and swim with his friends,  but he don't have enough money to go something else to go to the sea.  And he is working along the street with thinking about the plan for swimming.  And he finds the stuff on it.  So he enters the part and job and gets enough money to go to the sea.  So he can enjoy swimming in the sea with his friends.",window_7,"### 1. Fluency & Understanding
- **Fluency Score:** 65/100  
- **Pronunciation Accuracy:** 75/100  
- **Speaking Rate:** 85 words/min  

### 2. Better Expression
A few weeks ago, a boy thought he wanted to go to the sea to swim with his friends, but he didn¡¯t have enough money. While walking along the street, he was thinking about his swimming plans when he saw a ""Staff Wanted"" sign. He applied for a part-time job, earned enough money, and then enjoyed swimming at the beach with his friends.

### 3. Feedback
**What was good:** 
- The story has a clear sequence of events.
- It conveys a relatable desire to have fun with friends.

**What can be improved:** 
- Pay attention to verb tenses for consistency.
- Use contractions for a more natural flow.

### 4. Key Phrases
- ""Staff Wanted""
- ""Part-time job""
- ""Enjoy swimming""

### 5. Speaking Tip
Practice your verb tenses by summarizing stories in the past, present, and future to improve your consistency and clarity.","1. Fluency & Understanding
That was a quick and accurate summary of the whole story! You smoothly explained the desire for a trip, the need for money, getting the job, and the final success.

2. Better Expression
Here is a more natural and fluent way to express the same story:

""A few weeks ago, a man really wanted to go swimming. However, he realized that he was completely out of money. As a result, he saw a poster that read 'Staff Wanted'. He quickly applied and got the job at a shop. He worked hard and earned a good salary. Finally, he had enough money to go on his trip and enjoy swimming with his friends.""

3. Feedback
Good: You understood the sequence of events perfectly and your pronunciation was clear. You used the word ""but"" effectively to show the contrast in the story.

Improvement: Focus on using Past Tense verbs consistently for narration (e.g., ""he went"" or ""he got"" instead of ""he get""). Also, use transition phrases (like ""as a result"" or ""finally"") to connect your sentences more smoothly.

4. Key Phrases
Out of money: A common, natural phrase meaning you have no money left.

Applied and got the job: A concise way to describe the hiring process.

Earned a good salary: A professional phrase for receiving payment for work.

5. Speaking Tip
Try to replace basic linking words like ""and"" and ""so"" with more advanced transition phrases (like ""As a result,"" ""However,"" or ""Therefore""). This will make your speaking sound more complex and polished."
JPN_072,Match found,TRUE,305.3,420.22,0.8204456094364352," A few weeks ago, a man wanted to see and go see, wanted to go see to see, but he had no money.  Three days ago, he looked paper.  It says, they want stuff.  So he applied it.  It's a joke.  And the joke was...  It's a joke.  Computer, Instructor.  After the work, he got a lot of money.  So he was able to go...  He was able to go to see and enjoy swimming with friends.",window_11,"1. **Fluency & Understanding**  
   - Fluency Score: 28/100  
   - Pronunciation Accuracy: 49%  
   - Speaking Rate: 39 words per minute  

2. **Better Expression**  
   ""Six months ago, a man wanted to go swimming, but his girlfriend said she didn't have any money. However, that day she saw a flyer. Although she claimed she was short on cash, she noticed the flyer about a job opportunity.""

3. **Feedback**  
   - **Good:** You conveyed a clear story and included the sequence of events.  
   - **Improvement:** Focus on varying your sentence structure and reducing repetition for clarity.

4. **Key Phrases**  
   - ""wanted to go swimming""  
   - ""didn't have any money""  
   - ""saw a flyer""

5. **Speaking Tip**  
   Try to combine shorter sentences into longer, more complex ones. This will help improve the flow and coherence of your speech!","1. Fluency & Understanding
That was an excellent, detailed summary of the comic strip! You successfully used past tense to narrate the man's motivation, problem, solution, and happy ending.

2. Better Expression
Here is a slightly more natural and fluent way to express the story:

""A few weeks ago, a man really wanted to go on a trip and swim in the sea. However, he quickly realized he didn't have enough money. Immediately, he saw a 'Staff Wanted' sign and decided to apply for the job. He began working at the store. After working hard, he was paid and finally earned enough money. As a result, he was able to enjoy his vacation with his friends.""

3. Feedback
Good: You used the past tense very well for the main actions (wanted, went, saw, got, etc.). Your story flow was easy to follow.

Improvement: Try to use contractions like didn't (instead of did not) to make your speech sound more casual and fluent. Also, use stronger transition words like ""Immediately"" or ""As a result"" to connect ideas.

4. Key Phrases
Go on a trip: A very natural and common phrase for taking a vacation.

Staff Wanted sign: A concise and correct term for the job poster.

Finally earned enough money: Clearly expresses the successful completion of his goal.

5. Speaking Tip
To improve your natural rhythm, practice connecting words in phrases. For example, instead of pausing after ""didn't,"" blend it with ""have"": ""didn't have."" This helps you achieve a smoother, more native-like flow."
JPN_076,Match found,TRUE,338.86,390.87,0.8359133126934986," A few weeks ago, you wanted to go to see to swim in the sea.  But he didn't have enough money to do.  So he hit a bone.  No, no, no, no. He found...  The advertising stuff wanted.  And he started the walk at this store to sell many PCs.  And after he got enough money to go to swim, go for swimming.  That's all.",window_8,"### 1. Fluency & Understanding
- **Fluency Score:** 50/100
- **Pronunciation Accuracy:** 80/100
- **Speaking Rate:** 79 words per minute

### 2. Better Expression
A few weeks ago, he wanted to go swimming in the sea, but he didn't have enough money. Then, he saw an advertisement for a job and started working at a store to earn money. After he saved enough, he was able to go swimming. That's all!

### 3. Feedback
**What was good:**
- You conveyed a clear storyline.
- Your enthusiasm about the topic is evident.

**What can be improved:**
- Work on reducing filler words (like ""uh"" and ""um"").
- Practice structuring sentences more clearly.

### 4. Key Phrases
- ""Wanted to go swimming""
- ""Saw an advertisement""
- ""Earn money""

### 5. Speaking Tip
Try to pause briefly instead of using filler words. This will make your speech sound more confident and clear.","1. Fluency & Understanding
That was an excellent, very natural-sounding description! You told the story clearly, linking the events from beginning to end.

2. Better Expression
Here is a slightly more natural and fluent way to express the same story:

""A few weeks ago, a man was eager to go swimming and get away for a vacation. However, he suddenly realized he had run out of money. Fortunately, he saw a job advertisement and decided to apply immediately. He got the job and worked diligently at the store. He earned enough money and, as planned, he finally went swimming.""

3. Feedback
Good: Your speed and rhythm were very smooth, making your English sound more natural. Using ""get money"" was simple and clear.

Improvement: Focus on using slightly more specific vocabulary for key actions, like ""run out of money"" (instead of have no money) or ""worked diligently.""

4. Key Phrases
Eager to go: A strong phrase meaning he was excited and keen to go.

Run out of money: A very common, natural phrase for having no money left.

Worked diligently: Means he worked hard and carefully, which fits the image of the dedicated employee.

5. Speaking Tip
To sound more expressive, practice using adverbs (words that describe how an action is done) like suddenly, fortunately, or diligently. They add detail and make your descriptions more engaging!"
JPN_083,Match found,TRUE,309.53,356.43,0.8361934477379094," A few weeks ago, the man wanted to swim in the sea, but he didn't have much money to realize it.  When he worked at the land, he saw an advertisement of part-time job and stuff wanted.  So, he started to work and he got enough money to realize his dream.  So, he could swim in the sea as he wanted.",window_4,"1. **Fluency & Understanding**  
   Fluency Score: 42/100  
   Pronunciation Accuracy: 90%  
   Speaking Rate: 79 words/minute  

2. **Better Expression**  
   A few weeks ago, a man wanted to swim in the ocean, but he didn¡¯t have much money. While he was walking around, he saw advertisements for part-time jobs and staff wanted. He started working to earn money, so he could fulfill his dream of swimming in the ocean.

3. **Feedback**  
   - Good: The story is clear and follows a logical sequence.  
   - Improvement: Work on smoother transitions between sentences and clarity in expression.

4. **Key Phrases**  
   - ""part-time jobs""  
   - ""fulfill his dream""  
   - ""swimming in the ocean""  

5. **Speaking Tip**  
   Try to vary your sentence length to create more rhythm in your speech. This makes your storytelling more engaging!","1. Fluency & Understanding
That was a very clear and accurate retelling of the story! You used the past tense consistently, which made your narrative easy to follow.

2. Better Expression
Here is a slightly more natural and fluent way to express the same story:

""A few weeks ago, a man was daydreaming about going to the beach and swimming. Unfortunately, he quickly discovered he didn't have any money. To solve this, he saw a 'Staff Wanted' poster and decided to apply for the job. He started working at a store, and after a few weeks of hard work, he earned enough money to finally take his trip and go swimming.""

3. Feedback
Good: You used past tense verbs very well (wanted, saw, got). Your pronunciation was clear and easy to understand.

Improvement: Try to use transition words like ""Unfortunately"" or ""To solve this"" to connect the different parts of the story, which makes the narrative flow even better.

4. Key Phrases
Was daydreaming about: A descriptive phrase for thinking about something pleasant but perhaps unrealistic.

Quickly discovered: Shows the immediate realization of his problem.

To take his trip: A common and natural way to say he went on his vacation.

5. Speaking Tip
Practice stressing the most important word in each phrase. For example: ""he didn't have any money"" or ""he saw a job poster."" This emphasis will make your English sound more natural and dynamic."
JPN_093,Match found,TRUE,293.04,375.88,0.8249027237354085," A few weeks ago, he went to swimming in the sea, he wanted to go swimming in the sea,  but he didn't have enough money.  So he, and then he, he found, he, he decided to walk the show, he walked and he got  money, so he took the swimming.  Okay.",window_5,"### 1. Fluency & Understanding
- **Fluency Score:** 30/100
- **Pronunciation Accuracy:** 44%
- **Speaking Rate:** 38 words/minute

### 2. Better Expression
""A few weeks ago, he wanted to swim at the beach. However, he didn't have enough money, so he found a part-time job.""

### 3. Feedback
- **Good Points:** Clear sequence of events, good use of past tense.
- **Improvements:** Work on sentence structure for more natural flow, and reduce repetition for conciseness.

### 4. Key Phrases
- ""part-time job""
- ""enough money""
- ""swim at the beach""

### 5. Speaking Tip
Try to vary your sentence structure to make your speech more engaging. Practice combining shorter sentences into longer ones for a smoother flow!","1. Fluency & Understanding
That was an excellent, very fluent retelling of the story! You successfully connected the man's motivation, his temporary work, and the final reward.

2. Better Expression
Here is a slightly more natural and fluent way to express the story:

""A few weeks ago, a man really wanted to go on a trip and swim in the sea. However, he had no money to do so. Fortunately, he spotted a poster for a part-time job and decided to apply. He was hired at the shop, and after working diligently, he earned the necessary money. In the end, he took his vacation and got to enjoy swimming with his friends.""

3. Feedback
Good: Your use of past tense was strong, and you included key details like the man's intention to swim.

Improvement: Work on more sophisticated transition words (like ""However"" or ""Fortunately"") to link ideas, making the story flow better than just using ""and"" or ""so.""

4. Key Phrases
Spotted a poster: A natural, active way to say he saw the advertisement.

Was hired: A professional phrase for getting the job.

Took his vacation: A common, natural phrase for going on a trip.

5. Speaking Tip
To improve your narrative flow, focus on the rhythm of your speech. Try to elongate the vowel sounds in key words (like ""really wanted"" or ""finally went"") to add emphasis and variety."
JPN_098,Match found,TRUE,335.46,463.95,0.9023861171366593," A few weeks ago, a man went to the women, to the sea, can I, please continue.  A week, a few, it's a story.  I see.  Then he lost his money, so he, he found, he found that paper saying that stuff wanted,  it's a store of electronic devices, so he, he wanted to, our monies, and he started to  working, started to work at the store.  He worked very, very well, and he got, he got a lot of money for his, his work.  Finally, he, he had a lot of money and he enjoyed swimming again in the sea with his friends.",window_8,"### 1. Fluency & Understanding
- **Fluency Score:** 65/100
- **Pronunciation Accuracy:** 70%
- **Speaking Rate:** Moderate

### 2. Better Expression
A few weeks ago, a man decided to go swimming in the sea. However, he lost his wallet while there. Later, he found a sign that said ""Staff Wanted"" at an electronics store. He applied for the job and worked hard, earning a good amount of money. Eventually, he had enough money and enjoyed swimming in the sea again with his friends.

### 3. Feedback
**What was good:**
- The storyline is clear and follows a logical sequence.
- The use of simple language makes it easy to understand.

**Areas for improvement:**
- Try to add more descriptive details to engage the listener.
- Vary sentence structure for better flow.

### 4. Key Phrases
- ""Staff Wanted""
- ""Earn money""
- ""Enjoy swimming""

### 5. Speaking Tip
Practice telling stories by adding small details about feelings or surroundings to make them more engaging.","1. Fluency & Understanding
That was an excellent, very fluent retelling of the story! You successfully connected the man's motivation, his temporary work, and the final reward.

2. Better Expression
Here is a slightly more natural and fluent way to express the story:

""A few weeks ago, a man really wanted to go on a trip and swim in the sea. However, he had no money to do so. Fortunately, he spotted a poster for a part-time job and decided to apply. He was hired at the shop, and after working diligently, he earned the necessary money. In the end, he took his vacation and got to enjoy swimming with his friends.""

3. Feedback
Good: Your use of past tense was strong, and you included key details like the man's intention to swim.

Improvement: Work on more sophisticated transition words (like ""However"" or ""Fortunately"") to link ideas, making the story flow better than just using ""and"" or ""so.""

4. Key Phrases
Spotted a poster: A natural, active way to say he saw the advertisement.

Was hired: A professional phrase for getting the job.

Took his vacation: A common, natural phrase for going on a trip.

5. Speaking Tip
To improve your narrative flow, focus on the rhythm of your speech. Try to elongate the vowel sounds in key words (like ""really wanted"" or ""finally went"") to add emphasis and variety."
TWN_001,Match found,TRUE,322.41,375.13,0.8615023474178404," Okay, a few weeks ago, a guy  He named me Joe  Maybe he's Joe  Okay, a few weeks ago, Joe wanted to go to serving  On the  To go serving on the pitch  But then he realized  He had no money in the pocket  So, he saw some ads  And he saw some ads on the street  And then he went to work in the computer store  And then  At the end of the month  He got the salary  And finally, he realizes his dream  To play on the pitch and go serving",window_16,"### 1. Fluency & Understanding
- **Fluency Score:** 72.5/100  
- **Pronunciation Accuracy:** 73/100  
- **Speaking Rate:** 110 words per minute  

### 2. Better Expression
A few weeks ago, a guy named Joe wanted to go surfing at the beach. However, he realized he had no money in his pocket. While walking, he saw some job ads and decided to apply for a position at a computer store. At the end of the month, he received his salary and finally achieved his dream of surfing at the beach.

### 3. Feedback
**What was good:**  
- Good storytelling structure and sequence of events.  
- Engaging and relatable topic.  

**Areas for improvement:**  
- Work on clarity and reduce filler words (e.g., ""um,"" ""like"").  
- Practice smoother transitions between ideas.

### 4. Key Phrases
- ""Achieved his dream""  
- ""Realized he had no money""  
- ""Saw some job ads""

### 5. Speaking Tip
Try to pause briefly at the end of each sentence to give your thoughts time to form and to make your speech clearer!","1. Fluency & Understanding
That was a great job telling the story! You clearly explained the man's desire for a vacation, the obstacle of money, the solution, and the final outcome.

2. Better Expression
Here is a slightly more natural and fluent way to express the story:

""A few weeks ago, a man was thinking about taking a trip to the sea to go swimming. However, he found out he didn't have enough money. Luckily, he spotted a poster advertising a part-time job. He decided to apply and was hired at a shop. He worked hard and earned a good amount of money, which allowed him to finally go on his vacation and enjoy the beach.""

3. Feedback
Good: Your use of past tense was generally correct, and you used clear, concise sentences.

Improvement: Work on choosing more natural verb phrases, such as ""found out"" instead of found in the context of realizing information, and ""earned"" instead of got for money from work.

4. Key Phrases
Found out: A common, natural phrase for learning a piece of information (like realizing he had no money).

Was hired: A professional way to say he got the job.

Go on his vacation: A very common, natural way to talk about taking a trip.

5. Speaking Tip
To improve the flow between sentences, practice using intonation to signal when you are done with one thought and starting the next. Your voice should drop slightly at the end of a complete sentence."
TWN_003,Match found,TRUE,285.26,341.73,0.8800834202294057," A man.  A few weeks ago, a man thinks that he wants to have a vacation in too.  But the bad thing is that he found that he don't have enough money.  So he tried to figure out the way to earn money.  And then he saw posters and it was write some information of the employment.  And also he went to find the manager and asked for the application of the job.  And well, after that he became the staff of the company.  And then he earned the money, of course, and the last thing he went to the vacation.",window_8,"### 1. Fluency & Understanding
- **Fluency Score:** 60/100
- **Pronunciation Accuracy:** 70/100
- **Speaking Rate:** 104 words/minute

### 2. Better Expression
A few weeks ago, a man realized he wanted a vacation, but unfortunately, he didn't have enough money. He tried to figure out how to earn some, and then he saw posters with job listings. He approached the manager to ask for a job application. After that, he became part of the company, earned money, and finally went on vacation.

### 3. Feedback
**Good:** 
- The narrative structure is clear and logical.
- You effectively convey the man's thought process.

**Improvement:** 
- Work on using more varied sentence structures.
- Pay attention to verb tenses for better clarity.

### 4. Key Phrases
- ""realized he wanted a vacation""
- ""approached the manager""
- ""finally went on vacation""

### 5. Speaking Tip
Try to practice speaking in longer sentences. This will help improve your fluency and make your storytelling more engaging!","1. Fluency & Understanding
That was an excellent, concise summary! You clearly and smoothly told the whole story, explaining the desire for the trip, the problem, and the happy solution.

2. Better Expression
Here is a slightly more natural and fluent way to express the story:

""A few weeks ago, a man was daydreaming about going to the beach and going for a swim. However, he realized he was completely broke. Fortunately, he spotted an advertisement for a job. He applied and was hired at the store. He worked hard and earned enough money. As a result, he finally got to take his trip and enjoy the beach.""

3. Feedback
Good: You used the Past Simple tense accurately (wanted, got, went) and described the problem and solution clearly.

Improvement: Work on using more varied vocabulary for ""no money,"" such as ""was broke"" or ""didn't have enough money."" Also, try to use more descriptive transition words like ""Fortunately.""

4. Key Phrases
Was daydreaming about: A descriptive phrase for thinking about something enjoyable.

Was completely broke: A very natural, strong, and common phrase for having no money.

Got to take his trip: A relaxed, fluent way to say he went on his vacation.

5. Speaking Tip
To improve your memory for vocabulary, try to learn related phrases instead of just single words. For example, instead of just learning ""money,"" learn ""run out of money"" or ""earn money."""
TWN_015,Match found,TRUE,303.86,387.94,0.9503355704697987, A week ago Tom wanted to have a trip to an island  And he liked to swim at sea  But he had no money  And he saw a step wanted poster  Then he wanted poster  Then he thought that he could earn money by applying this job to achieve the gold that he wanted to go down the trip  So he applied the job successfully  And he finally got enough money  And then he went on the trip,window_9,"### 1. Fluency & Understanding
- **Fluency Score:** 75/100  
- **Pronunciation Accuracy:** 70/100  
- **Speaking Rate:** 54 words per minute  

### 2. Better Expression
A few weeks ago, Tom wanted to take a trip to an island to swim in the sea. However, he had no money. Then, he saw a ""Staff Wanted"" poster and realized he could earn money by applying for the job. He successfully applied, earned enough money, and finally went on his trip.

### 3. Feedback
**Good Points:**  
- Clear sequence of events  
- Good use of transitional phrases  

**Areas for Improvement:**  
- Sentence structure could be simplified  
- Some phrases could be more concise  

### 4. Key Phrases
- ""Staff Wanted""  
- ""Earn enough money""  
- ""Take a trip""  

### 5. Speaking Tip
Try to break your ideas into shorter sentences to improve clarity and flow. This will help your audience understand better!","1. Fluency & Understanding
That was an excellent and highly fluent description! You smoothly explained all the key events in the pictures, from the man's initial desire to his final success.

2. Better Expression
Here is a slightly more natural and fluent way to express the story, mainly by choosing alternative vocabulary:

""A few weeks ago, a man was wishing he could go swimming. However, he quickly discovered he didn't have any money. To solve this problem, he noticed a 'Staff Wanted' sign. He was hired by the shop and spent his time helping customers, mostly selling computers. Eventually, he earned enough money to finally take his trip and enjoy the beach with his friends.""

3. Feedback
Good: Your story was clear, and your pace was very good, making you sound confident. You correctly used the past tense consistently.

Improvement: You can use more specific and natural verb phrases, like ""was wishing"" (instead of want to go swimming) or ""spent his time"" (instead of doing a job).

4. Key Phrases
Was wishing: A great alternative to ""wanted"" that implies a hopeful desire.

To solve this problem: A strong transition phrase to move from the obstacle to the solution.

Earned enough money: A clear, concise way to state the successful outcome of his work.

5. Speaking Tip
To make your speech more colorful, try using phrasal verbs (a verb + a preposition/adverb, like find out or take off). For example, try saying ""work out"" instead of solve when talking about a problem."
TWN_019,Match found,TRUE,349.5,468.1,0.8761329305135952," A few weeks ago, a boy named Jack.  Jack wants to go to the beach and play playing water in the sea.  Maybe swimming and surfing.  But he didn't have enough money to do that.  So he was a little upset.  And when he walked on the road, he noticed post that the store wanted to  be a client.  So he went into the door and he became a client.  And he sailed a computer to the customers and he had money.  And finally he went to the beach and played in the water with his friends.",window_10,"### 1. Fluency & Understanding
- **Fluency Score:** 45/100  
- **Pronunciation Accuracy:** 30/100  
- **Speaking Rate:** 61 words per minute  

### 2. Better Expression
A few weeks ago, there was a boy named Jack who wanted to go to the beach to swim and surf. However, he didn¡¯t have enough money, which made him a bit upset. As he walked down the road, he saw a sign that said ""Staff Wanted."" He went inside, applied for the job, and sold computers to customers. After earning some money, he finally went to the beach to have fun in the water with his friends.

### 3. Feedback
**What was good:**
- Clear storyline and progression of events.
- Good use of connecting phrases.

**What can be improved:**
- Sentence structure could be varied for better flow.
- More details could enhance the story.

### 4. Key Phrases
- ""Staff Wanted""
- ""went to the beach""
- ""played in the water""

### 5. Speaking Tip
Try to vary your sentence structure by using different types of sentences. This will make your storytelling more engaging!","1. Fluency & Understanding
That was an excellent and detailed description! You clearly explained the man's initial dream, the financial obstacle, and how he solved his problem step-by-step.

2. Better Expression
Here is a slightly more natural and fluent way to express the story:

""A few weeks ago, a man was thinking wistfully about taking a trip to the beach to swim. However, he realized he was completely broke. Fortunately, he spotted an advertisement for a job that read 'Staff Wanted'. He applied and was hired at an electronics store. He worked diligently and finally saved enough money. As a result, he got to enjoy his trip to the sea with his friends.""

3. Feedback
Good: Your use of past tense was consistent, and you correctly identified the different stages of the story.

Improvement: Work on more expressive and concise vocabulary, such as ""was broke"" instead of ""didn't have money"" and ""spotted"" instead of found the sign.

4. Key Phrases
Thinking wistfully: A great phrase for thinking longingly or sadly about something you desire.

Was completely broke: A very strong and natural way to say someone has no money.

Saved enough money: Implies intentional work to accumulate the funds.

5. Speaking Tip
To make your speaking sound more dynamic, focus on intonation changes to reflect the mood of the story. Your voice should rise with the excitement of the dream (Panel 1) and then drop slightly when stating the problem (Panel 2)."
TWN_026,Match found,TRUE,440.62,512.94,0.9719789842381786," Okay, so a few weeks ago  The boy went to the boy just had  A strong feeling  To go swimming at the beach  But he had no money to  He had no money to buy  His swimming suit  Therefore he went he one day he just went past by a shop  Um on the  Window of the shop he find a poster say said that  Uh, they want a step part-time step for them  So he went he go for he went for it to sell the some computers or  3c  Devices or gadgets for them and then he finally earned some money  Earned enough money for for his swimming suits so therefore he can  Oh go he can win swimming with his friends",window_16,"### 1. Fluency & Understanding
- **Fluency Score:** 69.5/100  
- **Pronunciation Accuracy:** 80/100 (estimated)  
- **Speaking Rate:** 114 words/min  

### 2. Better Expression
A few weeks ago, a boy really wanted to go swimming at the beach, but he didn't have enough money for a swimsuit. One day, he passed by a shop and saw a poster that said they were looking for part-time staff. He applied to sell computers and gadgets, and eventually earned enough money for his swimsuit. Now, he can go swimming with his friends!

### 3. Feedback
**What was good:**  
- Clear progression of events.  
- Good use of descriptive phrases.  

**Improvements:**  
- Try to reduce filler words (e.g., ""therefore"").  
- Work on smoother transitions between sentences.  

### 4. Key Phrases
- ""Part-time staff""  
- ""Earned enough money""  
- ""Go swimming with friends""  

### 5. Speaking Tip
Try practicing the story out loud a few times to enhance your fluency and reduce hesitations.","1. Fluency & Understanding
That was an excellent and fluent description! You clearly explained the man's motivation, the problem he faced, his solution, and the final result of his hard work.

2. Better Expression
Here is a slightly more natural and fluent way to express the story:

""A few weeks ago, a man was dreaming of a summer vacation to the sea so he could go swimming. However, he realized he was completely out of cash. To solve his problem, he spotted a 'Staff Wanted' advertisement. He was hired immediately at the electronics store. He worked diligently, giving customers advice on items like the computer. Eventually, he earned enough money, and finally got to take his trip to the beach with his friends.""

3. Feedback
Good: Your use of past tense was very consistent, and your flow from one idea to the next was smooth.

Improvement: Work on using more varied phrasal verbs and prepositions (e.g., ""out of cash"" instead of no money). Also, use a more active phrase for the job, like ""was hired"" instead of doing a job.

4. Key Phrases
Out of cash: A common, natural phrase for having no money available.

Spotted an advertisement: A dynamic way to say he saw the poster.

Got to take his trip: A relaxed and fluent way to say he went on his vacation.

5. Speaking Tip
To make your speaking more dynamic, focus on sentence length variation. Mix some short, punchy sentences (""He was hired."") with longer, descriptive ones (""After working diligently, he earned enough money to finally take his trip."")"
TWN_027,No match,FALSE,,,,,,,
TWN_031,Match found,TRUE,251.22,282.26,0.9158878504672897, A boy want to travel  Somewhere have a sea  But he don't have enough money and  You want to find a job  to any  Sell the computer and make lots of money  So he can  travel to somewhere and swimming in the sea,window_8,"### 1. Fluency & Understanding
- **Fluency Score:** 75/100  
- **Pronunciation Accuracy:** 80/100  
- **Speaking Rate:** 120 words per minute  

### 2. Better Expression
A few days ago, a boy wanted to travel and relax by the sea, but he didn't have enough money. He decided to find a job to earn some cash. He sold his computer and made a lot of money, which allowed him to travel and swim in the ocean.

### 3. Feedback
**What was good:**  
- The story has a clear beginning, middle, and end.  
- You conveyed the boy's motivation effectively.

**What can be improved:**  
- Try to vary your sentence structure for more natural flow.  
- Use more descriptive language to engage the listener.

### 4. Key Phrases
- ""Relax by the sea""  
- ""Find a job""  
- ""Made a lot of money""

### 5. Speaking Tip
Try to practice varying your sentence lengths and structures. This will help make your speech sound more dynamic and engaging!","1. Fluency & Understanding
That was a very clear and concise summary! You successfully conveyed the main point of the story: the man needed money for his trip, so he got a job.

2. Better Expression
Here is a slightly more natural and fluent way to express the story:

""A few weeks ago, a man wanted to go swimming. However, he didn't have any money for the trip. Fortunately, he spotted a job advertisement and was quickly hired. After working diligently at the store, he earned the necessary money, and finally got to enjoy his trip.""

3. Feedback
Good: You used the Past Tense correctly for the main verbs (wanted, got). The story was brief and easy to understand.

Improvement: Focus on using transition words (like ""However"" or ""Fortunately"") to logically connect the sentences and ideas, which makes the narrative flow smoother.

4. Key Phrases
Didn't have any money: A simple, common, and correct phrase for lacking funds.

Spotted a job advertisement: A dynamic way to say he saw the poster.

Got to enjoy: A casual, natural way to express that he had the opportunity to do something fun.

5. Speaking Tip
To improve your memory and use of vocabulary, try translating key nouns from your native language into English phrases. For example, instead of thinking ""part-time job,"" think ""job advertisement"" or ""staff wanted sign."""
TWN_036,Match found,TRUE,375.13,411.91,0.8416666666666667," A few weeks ago, a man, he wants to swim in or separate.  But he didn't have money.  So he sees a staff, so he sees a staff work.  So he goes to work to make money.  About two weeks later, he can go to swimming and study with his friend.",window_5,"### 1. Fluency & Understanding
- **Fluency Score:** 34.5/100
- **Pronunciation Accuracy:** 12.3%
- **Speaking Rate:** 71.8 words per minute

### 2. Better Expression
A few weeks ago, a man wanted to go swimming or surfing, but he didn't have any money. Then he saw a ""Staff Wanted"" sign, so he decided to get a job to earn some money. About two weeks later, he was able to go swimming and surfing with his friends.

### 3. Feedback
**What was good:** 
- The story had a clear sequence of events.
- You used past tense correctly for most of the narrative.

**What can be improved:**
- Sentence structure could be more varied.
- Some phrases were repetitive.

### 4. Key Phrases
- ""Staff Wanted""
- ""Earn some money""
- ""Go swimming and surfing""

### 5. Speaking Tip
Try to combine shorter sentences into longer ones using conjunctions like ""and"" or ""but."" This will help your speech flow more naturally.","1. Fluency & Understanding
That was an excellent and fluent summary! You clearly explained the man's desire, the problem he faced, and the action he took to achieve his goal.

2. Better Expression
Here is a slightly more natural and fluent way to express the story:

""A few weeks ago, a man was daydreaming about going to the beach and getting to swim. However, he quickly realized that he was running out of money. Fortunately, he spotted a job advertisement and decided to apply immediately. He was hired by the shop and worked hard. Eventually, he earned the money he needed to finally take his trip to the sea.""

3. Feedback
Good: Your use of past tense was consistent, and your flow was smooth. You correctly identified the core conflict (desire vs. no money).

Improvement: Work on more active and common verb phrases like ""was running out of money"" instead of didn't have money. Also, use stronger transition words like ""Fortunately.""

4. Key Phrases
Was running out of money: A dynamic phrase showing a diminishing resource.

Spotted a job advertisement: A clear, natural way to say he saw the sign.

Take his trip: A common and fluent expression for going on a vacation.

5. Speaking Tip
To sound more native, focus on sentence construction. Try putting the main action first and the details second (e.g., ""He was hired by the shop, and worked hard."") This often creates a more direct and engaging flow."
TWN_037,Match found,TRUE,329.36,410.54,0.948257655755016," Yeah, a few weeks ago  my brother  wanted to go to beach and swing  Swimming and surfing  But however, he found that he  Didn't have enough money to go to beach  Then he went to a  computer store  And he passed he passed by a computer store then he found that there is a wanted  post post  on the glass  then he  He thought that oh, it's a fact. It's a better way to  To earn money. So he started to  You  Computer then he got his first  Um  His first  His first money to go to the beach. Yeah",window_19,"### 1. Fluency & Understanding
- **Fluency Score:** 45/100  
- **Pronunciation Accuracy:** 33/100  
- **Speaking Rate:** 62 words per minute  

### 2. Better Expression
A few weeks ago, my brother wanted to go to the beach to swim and surf. However, he realized he didn¡¯t have enough money. While passing by a computer store, he noticed a ""Staff Wanted"" sign. He thought this was a good opportunity to earn some money, so he started selling computers. Eventually, he made enough money to go to the beach.

### 3. Feedback
**What was good:** 
- The story has a clear sequence of events.
- It conveys a problem and a solution effectively.

**What can be improved:**
- Avoid repeating phrases (e.g., ""to go to the beach"").
- Work on sentence structure for smoother flow.

### 4. Key Phrases
- ""Staff Wanted""
- ""Earn money""
- ""Clear sequence of events""

### 5. Speaking Tip
Try to practice combining shorter sentences into longer ones for better flow. This will help your speaking sound more natural!","1. Fluency & Understanding
That was a very clear and detailed description! You successfully narrated the man's desire for a vacation, the problem of cost, the solution, and the final happy ending.

2. Better Expression
Here is a slightly more natural and fluent way to express the story:

""A few weeks ago, a man was desperate to go swimming. Unfortunately, he quickly realized that the trip would be too expensive. So, he came up with an idea: he spotted a 'Staff Wanted' sign and decided to apply for the job. He was hired and worked hard selling electronics. Eventually, he earned enough money to finally take his trip and enjoy swimming with his friends.""

3. Feedback
Good: Your story was logically ordered, and you used the Past Simple tense accurately throughout.

Improvement: Focus on replacing simple verbs (like be expensive) with more dynamic phrases (like ""trip would be too expensive"") and using stronger adjectives (like ""desperate"").

4. Key Phrases
Was desperate to go: A strong, natural way to express a deep desire.

Came up with an idea: A common phrasal verb meaning to think of a solution.

Earned enough money: A concise and correct phrase for reaching his financial goal.

5. Speaking Tip
To make your speaking more fluent, try to group words together as if they were one long word. This is called chunking and it helps eliminate choppiness. For example, say ""A few weeks ago a man"" instead of pausing after every word."
TWN_039,Match found,TRUE,266.37,314.61,0.9110764430577223," Okay. A few weeks ago, Adam went to the beach  and he swam under the sunny day.  And then he found he lost his money and at this moment,  he saw Mondo to say, it's death wanted.  So he go to the interview and got the job and earned the money.  So he went to speak.  He went to beach again to make fun, to play with his colleague,  friends.",window_8,"### 1. Fluency & Understanding
- **Fluency Score:** 55/100
- **Pronunciation Accuracy:** 75/100
- **Speaking Rate:** 84 words per minute

### 2. Better Expression
""Adam went to the beach and swam on a sunny day. Then, he realized he had lost his money. At that moment, he saw a notice that said 'Staff Wanted.' He went for an interview, got the job, and earned some money. After that, he returned to the beach to have fun and play with his friends.""

### 3. Feedback
**What was good:** 
- The sequence of events was clear, and you conveyed a story well.

**Improvements:** 
- Focus on sentence structure for better clarity. 
- Use more varied vocabulary to enhance your expression.

### 4. Key Phrases
- ""Staff Wanted""
- ""realized he had lost""
- ""returned to the beach""

### 5. Speaking Tip
Try to break your story into shorter sentences. This will help improve clarity and make it easier for listeners to follow your narrative. Keep practicing!","1. Fluency & Understanding
That was a very clear and concise description! You successfully narrated the man's desire for a vacation, the problem of cost, the solution, and the final happy ending.

2. Better Expression
Here is a slightly more natural and fluent way to express the story:

""A few weeks ago, a man really wanted to go on a trip and swim in the sea. However, he realized he didn't have enough money. Fortunately, he spotted an advertisement for a job and decided to apply. He was hired at the store. After working hard, he earned the necessary money, and finally got to enjoy his vacation.""

3. Feedback
Good: You used the Past Simple tense accurately (wanted, got, earned) and kept the story moving quickly.

Improvement: Work on choosing slightly more active or descriptive transition words like ""Fortunately"" or ""However"" to link the different parts of the story together smoothly.

4. Key Phrases
Go on a trip: A natural and common phrase for taking a vacation.

Didn't have enough money: A perfect, common phrase for lacking the necessary funds.

Got to enjoy: A casual, fluent way to say he had the opportunity to do something fun.

5. Speaking Tip
To improve your memory for vocabulary, try to learn words in phrases rather than isolation. For instance, instead of just ""money,"" learn ""earn enough money"" or ""short on money."""
TWN_043,Match found,TRUE,257.54,341.68,0.8373333333333334," With the goal, John wants to go to swim in the ocean.  However, he didn't have enough money to go to the trip.  And one day, when he walked on the street, he saw that the staff wanted  advertisements.  Then he gets into the interview.  This job successfully.  And then he has already enough money and enough money.  And that he goes to the ocean with his friends.  Okay.",window_9,"### 1. Fluency & Understanding
- Fluency Score: 45/100  
- Pronunciation Accuracy: 85/100  
- Speaking Rate: 50 words/min

### 2. Better Expression
A few weeks ago, John wanted to swim in the ocean. However, he didn¡¯t have enough money for the trip. One day, while walking down the street, he saw a ""staff wanted"" advertisement. He successfully interviewed for the job and earned enough money. Finally, he went to the ocean with his friends.

### 3. Feedback
**What was good:** 
- The story has a clear progression. 
- Good use of past tense. 

**What can be improved:** 
- Some verb tenses need correction (e.g., ""wants"" should be ""wanted"").
- Avoid redundancy (e.g., ""has already earned enough money"" was repeated).

### 4. Key Phrases
- ""staff wanted""
- ""successfully interviewed""
- ""enough money for the trip""

### 5. Speaking Tip
Practice using different verb tenses in sentences to improve clarity and flow.","1. Fluency & Understanding
That was a very clear and accurate summary of the story! You successfully covered the man's motivation, the problem he encountered, and the successful resolution.

2. Better Expression
Here is a slightly more natural and fluent way to express the story:

""A few weeks ago, a man was dreaming of a trip to the sea to go swimming. Unfortunately, he quickly found out he didn't have enough money. To solve this problem, he spotted a job advertisement. He was hired by the shop and worked hard selling electronics. Eventually, he earned the money he needed and finally got to take his vacation.""

3. Feedback
Good: Your use of the Past Tense was strong, and you used clear words to describe the plot.

Improvement: Work on using more natural phrasal verbs and expressions, like ""found out"" instead of found (when talking about information) and ""got to take"" instead of went (to imply a special opportunity).

4. Key Phrases
Was dreaming of: A great way to describe a strong desire for something.

Quickly found out: A concise and active phrase for realizing a fact.

Got to take his vacation: A casual, fluent way to say he went on his trip.

5. Speaking Tip
To improve your memory for related words, try learning synonyms for simple verbs. For example, instead of always saying go, you could use take (a trip), head (to the beach), or set off (on a journey)."
TWN_047,Match found,TRUE,365.66,425.75,0.7205623901581723," A few weeks ago, then the man went to go to the other side of the day, but he had no money.  So, in the work on the street, he saw, so he can get, he can be an employee, so you go  to work for self-saving computer, then he can, then he get money, finally, he can go",window_3,"### 1. Fluency & Understanding
- **Fluency Score:** 38/100  
- **Pronunciation Accuracy:** 25/100  
- **Speaking Rate:** 75 words/min

### 2. Better Expression
""A few weeks ago, a man wanted to go to a place. However, he had no money. So, he walked down the street and saw a 'Staff Wanted' sign. He got a job to earn money to buy a computer. Eventually, he was able to go.""

### 3. Feedback
**What was good:** 
- The story has a clear sequence of events.
- Good effort in expressing ideas.

**What can be improved:** 
- Work on fluency and pronunciation.
- Try to connect sentences more smoothly.

### 4. Key Phrases
- ""Staff Wanted""
- ""He had no money""
- ""Eventually, he was able to go""

### 5. Speaking Tip
Practice connecting your ideas with linking words like ""and,"" ""so,"" and ""then"" to improve fluency.","1. Fluency & Understanding
That was a very clear and detailed description! You successfully narrated the man's desire for a vacation, the problem of cost, the solution, and the final happy ending.

2. Better Expression
Here is a slightly more natural and fluent way to express the story:

""A few weeks ago, a man was desperate to go swimming. Unfortunately, he realized that he didn't have any money for the trip. To solve this, he spotted a job advertisement and decided to apply. He was hired at the store and worked diligently. Eventually, he earned enough money, and finally got to take his trip to the beach with his friends.""

3. Feedback
Good: You used the Past Tense accurately and the structure of your story was logical and easy to follow.

Improvement: Focus on using contractions (like didn't instead of did not) to sound more natural. Also, try to use more descriptive adjectives (like ""desperate"") to express strong feelings.

4. Key Phrases
Desperate to go: A strong, natural phrase showing a great desire.

Spotted a job advertisement: A concise, correct term for seeing the poster.

Got to take his trip: A casual, fluent way to say he went on his vacation.

5. Speaking Tip
To sound more dynamic, focus on using adjective-noun combinations (like ""job advertisement"" instead of sign for a job) and verb-adverb combinations (like ""worked diligently""). This adds detail and precision."
