student_id,timestamp,task,model,student_story,teacher_story,model_output,perplexity,ave_conf,rouge1,rouge2,rougeL,rougeLsum,bleu,bertscore_P,bertscore_R,bertscore_F1,sbert_cosine
0,2025-10-18T03:43:49,no_bbox,gpt-4o,"Uh.  A few weeks ago, uh, this boy want to swim in the - uh, swim in the ocean. But he found that he don't have enough mon - money for that. Then, he found a notice that wanted staff.  He want to be a staff to earn more money. And he become the staff and gets through a hard working. He get enough money  to swim in the ocean.  He was very happy.",Teacher: <caption for frame 1> Teacher: <caption for frame 2> Teacher: <caption for frame 3> Teacher: <caption for frame 4> Teacher: <caption for frame 5> Teacher: <caption for frame 6>,"<The boy, dreaming of a trip to the beach, felt excited about swimming in the ocean.>",2.5583362864344696,0.7193985946017782,0.21052631578947364,0.06741573033707865,0.15384615384615383,0.15384615384615383,0.0,0.6165697574615479,0.4462711215019226,0.5045128464698792,0.42364463210105896
1,2025-10-18T03:44:13,no_bbox,gpt-4o,"﻿A few weeks ago, a man wanted swimming in the sea and then he found his wallet doesn't have any money. And so he held on the street.
He wants to find some ways to get money.
Suddenly---
---he saw a picture on the wall.
There is writing it 'Staff Wanted'.
About electrical good sales. And then he offer the job.
He become a staff in supermarket.
He sell - his jobs is to selling, um, um, what it is?  Computer.
Yeah and he is good at selling.
He has a lot of - he has a lot of customers. Um, most lately---
He get his first pages. Finally, he strength is come to.",Teacher: <caption for frame 1> Teacher: <caption for frame 2> Teacher: <caption for frame 3> Teacher: <caption for frame 4> Teacher: <caption for frame 5> Teacher: <caption for frame 6>,"A few weeks ago, a man dreamed of swimming in the sea.",1.1159008623275035,0.9241709985213353,0.19718309859154928,0.11320754716981131,0.1818181818181818,0.1818181818181818,0.02616434794829529,0.6885890960693359,0.43459171056747437,0.5328707098960876,0.33274418115615845
2,2025-10-18T03:44:44,no_bbox,gpt-4o," And - but he - he wants to travel maybe and he doesn't - he realized he doesn't have the money so accidentally he just saw a advertisement or notice about the staff wanted and he decided to - to apply for that job to get money.  And then he went - and then he went to do the part-time job, and he works as a sale assistant in a computer shop I think, electronic devices shop.  And then, uh - and then maybe after 1 month, he finally got his money. Then he - he - he - he - he - he gets the enough money to go travel with his friends, with his family.",Teacher: <caption for frame 1> Teacher: <caption for frame 2> Teacher: <caption for frame 3> Teacher: <caption for frame 4> Teacher: <caption for frame 5> Teacher: <caption for frame 6>,And he dreams of a fun day at the beach with friends.,1.4948844147612474,0.7485210152568583,0.19718309859154928,0.05797101449275362,0.16901408450704228,0.16901408450704228,0.0,0.6960486173629761,0.43026143312454224,0.5236868262290955,0.40703991055488586
3,2025-10-18T03:45:09,no_bbox,gpt-4o,"A few weeks ago, a man went to tour, but they have no money, ... eh, and then he looked at the, uh, ... this so what - staff wanted. Um, so he bought - he bought - for the money, he went to the stop and sell the stamp - uh, sell the furnitures.  Then, he got the money, uh, so he had enough money to go to - to go to the tour and swim happily.",Teacher: <caption for frame 1> Teacher: <caption for frame 2> Teacher: <caption for frame 3> Teacher: <caption for frame 4> Teacher: <caption for frame 5> Teacher: <caption for frame 6>,A man was daydreaming about a fun day at the beach with friends.,1.3130045111746849,0.8143733545077172,0.2222222222222222,0.05714285714285715,0.19444444444444445,0.19444444444444445,0.0,0.6232389807701111,0.41076138615608215,0.46605998277664185,0.33965665102005005
4,2025-10-18T03:45:33,no_bbox,gpt-4o,"A man, a man, okay.  Uh, a few weeks ago, a man go to playing in the sea, um, it's not far away from his home  um, but unfortunately he lost his, um, money in the sea and then now he is very poor, uh, uh, and the - then he see a, um, staff wanted, uh, advertisement, uh, and then he became the staff, um, in the - how to say - a computer - in a computer - how to say - XXX  in English. Yes. XXX  and then he work in a com - computer shop. Um, after 1 month work he get the salary  and the - then he can go to the sea for playing again.",Teacher: <caption for frame 1> Teacher: <caption for frame 2> Teacher: <caption for frame 3> Teacher: <caption for frame 4> Teacher: <caption for frame 5> Teacher: <caption for frame 6>,"A man reminisces about a fun day at the beach with friends, enjoying the sun and the sea.",1.347831044293093,0.8005978922700088,0.23376623376623376,0.05333333333333334,0.1724137931034483,0.1724137931034483,0.0,0.531945526599884,0.40523195266723633,0.4568935036659241,0.27456414699554443
5,2025-10-18T03:45:56,no_bbox,gpt-4o,"A few weeks ago, one man went to swim. He, uh, he lost his money.  And he - and he had money - um, he can't - he - he couldn't come back.  So, he - he found - he found a part-time job as a - as a seller - seller. And - and - um, and firstly, he got his XXX .  He - he got his salary.  Oh, come back Japan.  XXX .
Oh, it's okay.  Oh, um - and - and he - he could - he - he could go on his trip - his trip.",Teacher: <caption for frame 1> Teacher: <caption for frame 2> Teacher: <caption for frame 3> Teacher: <caption for frame 4> Teacher: <caption for frame 5> Teacher: <caption for frame 6>,<He dreamed of visiting a sunny beach with friends.>,2.040331992674332,0.7107357243698506,0.14285714285714285,0.0,0.11904761904761904,0.11904761904761904,0.0,0.5923488736152649,0.4171943664550781,0.48879939317703247,0.4359341263771057
6,2025-10-18T03:46:27,no_bbox,gpt-4o,"A few weeks - a few weeks ago, a boy want to swimming in the sea. But he didn't have the enough money.   He - one day he - he - he saw a advertisement in the - in the wall, some - some staff wanted.He have a idea. He can - he can sell his computer to the customers and they will give the money.  So he - he got the enough money and  he swimming in the sea with her friends happily.",Teacher: <caption for frame 1> Teacher: <caption for frame 2> Teacher: <caption for frame 3> Teacher: <caption for frame 4> Teacher: <caption for frame 5> Teacher: <caption for frame 6>,"A few weeks ago, a boy wanted to swim in the sea.",1.0896815774447166,0.9379074445119677,0.2545454545454546,0.11594202898550723,0.21818181818181817,0.21818181818181817,0.028552418087979148,0.7325733304023743,0.4685494899749756,0.5715433359146118,0.48692917823791504
7,2025-10-18T03:46:51,no_bbox,gpt-4o,"Uh, a few weeks ago, the boy wanted to, uh, travel---
---and he wanted to swimming in the sea.  But he find himself with, uh, have no money - had no money.  So, um, he didn't know - he didn't know how to do it - how to do with it. Uh, then he found - he found a advertisement, which is a staff wanted advertisement. And they find as a man - he find a man and sold - and sold the - the - and sold the - the computer, I guess. Um, and then he received some money, which is enough for him to travel to a beach and swim in the sea.  Finally, he reached his dream.
That's all.",Teacher: <caption for frame 1> Teacher: <caption for frame 2> Teacher: <caption for frame 3> Teacher: <caption for frame 4> Teacher: <caption for frame 5> Teacher: <caption for frame 6>,**Frame 1:** The boy was daydreaming about a sunny vacation at the beach with his friends.,1.9456883774102234,0.6857384616801427,0.21333333333333335,0.125,0.19298245614035087,0.19298245614035087,0.057503439721449875,0.5683128237724304,0.4130682647228241,0.4628634750843048,0.3649999499320984
8,2025-10-18T03:47:22,no_bbox,gpt-4o,"Okay.    Okay, uh, uh, a few weeks ago, a - a boy wanted to swimming and the - and he found such - he didn't have, uh, enough money. And then he saw a people - a people write here, staff wanted. And - and - and he did this part-time job of seller - a seller, yeah, uh, that, uh, sell computer to customers. And, uh, he earned the enough money to swimming, yeah.",Teacher: <caption for frame 1> Teacher: <caption for frame 2> Teacher: <caption for frame 3> Teacher: <caption for frame 4> Teacher: <caption for frame 5> Teacher: <caption for frame 6>,"<A few weeks ago, a boy dreamed of going swimming with his friends.>",1.2976550817075694,0.83856889509317,0.27272727272727276,0.16279069767441862,0.25000000000000006,0.25000000000000006,0.06407247248988214,0.682543933391571,0.4697951376438141,0.5469219088554382,0.52824467420578
9,2025-10-18T03:47:48,no_bbox,gpt-4o,"Mmm, a few weeks ago, um - um, boy, mm, suddenly - um, suddenly thinking - uh, suddenly thought that, uh, uh, he want - he wanted to, uh, swimming - he want to swim, uh, in the pool, and - but - but he didn't have enough money. Mmm, at that moment, he - uh, he watched the - uh, uh, ad - advertisement, mm, in the, uh, comu - computer - computer company, uh, mm, employ some, mm, employees.  So, mm, he - he - he, mm, mm, determined to go, uh, and try it. Uh, then, uh, that manager, uh, determined to, uh, employ he.  Uh, at last, he, uh, make some money - he made some money and he went to swimming.",Teacher: <caption for frame 1> Teacher: <caption for frame 2> Teacher: <caption for frame 3> Teacher: <caption for frame 4> Teacher: <caption for frame 5> Teacher: <caption for frame 6>,"Mmm, a few weeks ago, a young man suddenly thought that he wanted to swim in the pool.",1.3288359961914364,0.8511101775174746,0.2622950819672131,0.13559322033898302,0.2622950819672131,0.2622950819672131,0.07186359850653418,0.6287629008293152,0.49173346161842346,0.5436267256736755,0.42982029914855957
10,2025-10-18T03:48:28,no_bbox,gpt-4o,"A few weeks ago, a boy wanted - wanted to went surfing in the sea. And - but he found he has no money to pay for it  and to play it, so she want - he - he want - he want to find a part-time job to offer this pace - planning.  So she - uh, so he - his side - he - he - he saw or - mm, he saw - saw - he saw notice about the - uh, the here - the - here some employees to sales computers,  so he, um, joined his and, uh, he has - he has a computer sellers to, uh, find - he - he - he has a computer sellers to put - to promote - promote this computer sales to other peoples and he has a influen - because of his knowledges and, uh, communicate skills, he has - he has sales a lot of computers so that the - uh, so that employers give her - give - give - give him a lot of salary - salary - salaries.  
He has a lot of money that he can go to the sail - he can go to the, uh, sea to wind surf with other peoples and his - and his friend - friends.
That's all.",Teacher: <caption for frame 1> Teacher: <caption for frame 2> Teacher: <caption for frame 3> Teacher: <caption for frame 4> Teacher: <caption for frame 5> Teacher: <caption for frame 6>,"A few weeks ago, a boy dreamed of going surfing in the sea.",1.1862029138552863,0.9227802665869659,0.21428571428571427,0.11111111111111112,0.18181818181818185,0.18181818181818185,0.03352522481835521,0.7042681574821472,0.4540724456310272,0.552149772644043,0.4786929190158844
11,2025-10-18T03:48:52,no_bbox,gpt-4o,"Okay, a man wanted to go to the beach  but he has no money, and then he found a job   and he does the job and he got money.  And then now he can go to the beach.",Teacher: <caption for frame 1> Teacher: <caption for frame 2> Teacher: <caption for frame 3> Teacher: <caption for frame 4> Teacher: <caption for frame 5> Teacher: <caption for frame 6>,The man dreams of a relaxing day at the beach with friends playing in the sun.,1.9178480997379044,0.7671750780398018,0.18666666666666668,0.05479452054794521,0.16,0.16,0.0,0.6147347092628479,0.41460442543029785,0.4824039041996002,0.2618548572063446
12,2025-10-18T03:49:17,no_bbox,gpt-4o," A few weeks ago, a man was surfing and  he lost his wallet of money, so he - he went to look for a job and he saw a sign which says, staff wanted. And he got a job offer doing - uh, I think it's a computer - oh, selling stuff like electronic stuff.  So he is trying to explain about computers or appliances and the customer is listening to his explanation. Later on, after work or maybe after few months, he got his pay - paycheck, he got his salary and he got paid and very happy to make the money. So he went back to the beach and in - with his family I guess, and swimming and enjoying his life.",Teacher: <caption for frame 1> Teacher: <caption for frame 2> Teacher: <caption for frame 3> Teacher: <caption for frame 4> Teacher: <caption for frame 5> Teacher: <caption for frame 6>,"A few weeks ago, a man was surfing and dreaming of sunny days at the beach.",1.273797988000863,0.8294608562020664,0.29333333333333333,0.1643835616438356,0.24000000000000002,0.24000000000000002,0.06687378125674019,0.6733642220497131,0.4690466523170471,0.5529345870018005,0.4229954779148102
13,2025-10-18T03:49:42,no_bbox,gpt-4o,"Oh, a few - a few weeks ago a man thought he wanted to go surfing,  but he had no money. Whilst working on the street one day he saw a sign looking for staff at an electronic store.  He managed to get a job with this company   and earned some money. In the end him and his friends got to go surfing and swimming in the ocean.",Teacher: <caption for frame 1> Teacher: <caption for frame 2> Teacher: <caption for frame 3> Teacher: <caption for frame 4> Teacher: <caption for frame 5> Teacher: <caption for frame 6>,"<With his dream in mind, he imagined the perfect day at the beach.>",1.9433733862449234,0.6986773022153819,0.14414414414414414,0.05714285714285715,0.09009009009009009,0.09009009009009009,0.02704542714050502,0.5328676104545593,0.4093054234981537,0.44213300943374634,0.43359315395355225
14,2025-10-18T03:50:20,no_bbox,gpt-4o,"A few weeks ago yeah.  A few weeks ago, have a boy called Sam, he really liked to travel so but he find out he didn't have any money so, uh, it cannot possible to, eh, let her dream come true.  So, she go to find a job.  He see find a job is selling - is - be sell - is - be, uh, sell - sell, uh, eh, eh - is selling electronic thing and in one day he - he applied the job  and he become a seller and he sell a computer to his customer and so he gets some money  and he can go to travel with her girlfriend.  This is the end.",Teacher: <caption for frame 1> Teacher: <caption for frame 2> Teacher: <caption for frame 3> Teacher: <caption for frame 4> Teacher: <caption for frame 5> Teacher: <caption for frame 6>,"A few weeks ago, there was a boy named Sam who really liked to travel, so...",,,0.30508474576271183,0.136986301369863,0.24000000000000002,0.24000000000000002,0.05844582248499424,0.5707706212997437,0.47447869181632996,0.5140082240104675,0.4389571249485016
15,2025-10-18T03:50:42,no_bbox,gpt-4o,"Um, few weeks ago he stayed at home and he wanted to go to swim and - but he found that he does - didn't have enough money for his daily life so he went to an interview which is about selling computer. Um, and then he kept - he got the money, um, he earned the money   and - and then he finally had time and, uh, and money to play with his friend and swim with his friend.",Teacher: <caption for frame 1> Teacher: <caption for frame 2> Teacher: <caption for frame 3> Teacher: <caption for frame 4> Teacher: <caption for frame 5> Teacher: <caption for frame 6>,He daydreamed about spending a sunny day at the beach with friends.,1.4130965908608633,0.7979893736731236,0.16901408450704228,0.05797101449275362,0.16901408450704228,0.16901408450704228,0.0,0.6027922630310059,0.43381574749946594,0.48650407791137695,0.4070134162902832
16,2025-10-18T03:51:07,no_bbox,gpt-4o,"Okay.  A few, uh - a few weeks before, uh, John is thinking about, uh, going to - going to, uh, windsurfing or going to, uh - going to swim, uh - uh in - in his mind. And but he found - he found that, uh, in his wallet there is not enough money for him to spend for his daily routine  and when he walk a - walk about it - walk about it, uh, in the street - all along on the street, uh, he looked at a poster for recruiting members, uh, for selling, uh, electronic products for a company.  And after that he, um, assigned to that company and he - he is - is - he was responsible for selling electronic products like computer for the customers.  After working for, uh, a month he got some money, uh, for his, uh, salary in, uh, - in the previous month.  After that after receiving the, uh, money, uh, he can have the - he can have enough money for him - himself  to go to swim and go to play with his friends, uh, in the ocean after that.",Teacher: <caption for frame 1> Teacher: <caption for frame 2> Teacher: <caption for frame 3> Teacher: <caption for frame 4> Teacher: <caption for frame 5> Teacher: <caption for frame 6>,"John imagined a sunny day at the beach, thinking about swimming and windsurfing with his friends.",1.59083322309303,0.7504311562145598,0.21333333333333335,0.0898876404494382,0.18666666666666668,0.18666666666666668,0.04015519306890715,0.6149803400039673,0.45390015840530396,0.5143317580223083,0.3917887806892395
17,2025-10-18T03:51:57,no_bbox,gpt-4o,"A few weeks ago, I have saw my friends they have posts - some post in Facebook and they have went to the beach of - like they have went to - most of them have went to different place for their trip also.  And for now it's like summer and I would like to go to do - go to the beach also and I would like to go to like Okinawa, those places to feel that's beautiful sea. But however I was - I do not have enough pocket money from - for me to go for a trip.  And while I was thinking how can I gain more money and to - for preparing for myself to go for a trip,  I have - I have saw a recruitment in - in downstair of my - of my living building.  Then, I have wenst   to the interview of it.  And it soon employ me and from that - from that on I have worked hardly, and I almost worked for like 5 days every - each - every week, and I have worked for like 2 months. And at last I have received my salary and I could go to - I could go to Okinawa by the money which I had gained by myself.   And it was a very nice experience.",Teacher: <caption for frame 1> Teacher: <caption for frame 2> Teacher: <caption for frame 3> Teacher: <caption for frame 4> Teacher: <caption for frame 5> Teacher: <caption for frame 6>,"A few weeks ago, I saw my friends' posts on Facebook. They went to the beach and traveled to different places. Now that it's summer, I want to visit beautiful beaches like Okinawa.",,,0.3440860215053763,0.19780219780219782,0.27956989247311825,0.27956989247311825,0.17449060948327733,0.6167318224906921,0.566322922706604,0.5904534459114075,0.3228338062763214
18,2025-10-18T03:52:39,no_bbox,gpt-4o,"Okay, I'm trying to say it.  A few weeks ago, a boy, uh, namely Alan is planning to have a swim in a se - uh, in a sea of - with the - with the sun rising and, uh, releasing sun ray to him. Uh, but he founds that he doesn't have enough money to do so, uh, when he look at his wallet. And then, uh, but he look at a poster, an advertisement of recruiting people and which can help him to earn money to have a swim to do what he plans to do. And afterwards he - he was success, uh - he succ - he successfully recruited as a waiter to serve people to earn a living, to do what he want to do - wants to do. And, then, finally maybe after a month he earns a lot of money from his boss and then ultimately he can do what he plans to do, have a - have a swim with his friends, maybe his family as well.",Teacher: <caption for frame 1> Teacher: <caption for frame 2> Teacher: <caption for frame 3> Teacher: <caption for frame 4> Teacher: <caption for frame 5> Teacher: <caption for frame 6>,"A few weeks ago, a boy named Alan was planning to swim in the sea, enjoying the warm rays of the rising sun.",1.2288604260174034,0.8777780120882585,0.24242424242424243,0.09374999999999999,0.21212121212121213,0.21212121212121213,0.08073977464018348,0.5780454874038696,0.47188445925712585,0.5195978283882141,0.4062581956386566
19,2025-10-18T03:53:02,no_bbox,gpt-4o,"Okay.  Um, in the previous week, um, the boy think that he want to go for swim, um,  but actually he look at his wallet and - and - and find he do not have enough money to go to swim. And after he shopping and he find the - a recruitment promotion of - the promotion of a recruitment the employee, uh, for - maybe it is, uh, maybe, it's a salesperson recruitment and he tried to apply for it, and he is being a sales to promote the computer to the buyers.  And, lastly, he find when he successfully, um, selling the item to the buyer  and he can earn some money.  And lastly, he earned the enough money to swim with his friends.",Teacher: <caption for frame 1> Teacher: <caption for frame 2> Teacher: <caption for frame 3> Teacher: <caption for frame 4> Teacher: <caption for frame 5> Teacher: <caption for frame 6>,<The man is daydreaming about going to the beach with friends.>,1.7172545583159247,0.7275920759112982,0.17142857142857146,0.0588235294117647,0.17142857142857146,0.17142857142857146,0.0,0.5888509750366211,0.4098612666130066,0.46383732557296753,0.3154185712337494
20,2025-10-18T03:53:34,no_bbox,gpt-4o,"Okay.  Um, few weeks ago, a boy is going to, uh - he wants to go to the beach and surfing or swimming  but he finds that himself - he finds himself that he didn't have enough money to go there, so he decided to do some part-time jobs or, uh - to - to earn some money so that he can, uh - he can go to swimming in beach.   So, uh, after that, uh, he finds a job, uh, in the electronic shop and be a sale, uh - he beings to sell nd also he earned the money after he work and so he can - he, uh - he felt, uh - he is very happy after he earned the money, so and after he got the money, so, uh, he go to the beach and swim with, uh, his friends.",Teacher: <caption for frame 1> Teacher: <caption for frame 2> Teacher: <caption for frame 3> Teacher: <caption for frame 4> Teacher: <caption for frame 5> Teacher: <caption for frame 6>,"Sure! Here's a possible caption for the first frame: ""A few weeks ago, a boy dreams of going to the beach to surf and swim.""",1.6205692366965752,0.750920125815211,0.33663366336633666,0.1414141414141414,0.2376237623762376,0.2376237623762376,0.11177155447964088,0.5575017929077148,0.470226913690567,0.5101586580276489,0.3978476822376251
21,2025-10-18T03:53:57,no_bbox,gpt-4o,"Hmm.  And so in a few weeks ago, um, Ben that, uh, he wants to go to, uh, swimming to the beach and then, uh, going to vacation, but however he lack - he - he was lack of money that he don't have enough, um, money to go to about the trip.   And, one day he saw an advertisement about hiring, uh, for - eh, working for an electronics, uh, shop of electronics, and so he started to take the job and sell electronics. And after, uh - after a - a week - after, uh, working for days and he finally got enough money  and he can go to a trip with his friends.  That's all.",Teacher: <caption for frame 1> Teacher: <caption for frame 2> Teacher: <caption for frame 3> Teacher: <caption for frame 4> Teacher: <caption for frame 5> Teacher: <caption for frame 6>,Ben dreams of a sunny beach vacation with friends.,1.9266147264203015,0.666288396997413,0.11904761904761904,0.0,0.11904761904761904,0.11904761904761904,0.0,0.6472561359405518,0.37766847014427185,0.46296578645706177,0.41765567660331726
22,2025-10-18T03:54:20,no_bbox,gpt-4o,"Um, a few weeks ago, Tommy, um, thought of an idea that he wanted to go for a trip. But because he was out of money, that's why he - he wanted to find a job, like a part-time job.  And then he finded - he found one, um, he became a sale in a - in the store selling like electronics. And then, he - he got the money after working for a month.  And then she had - she got - uh, he got the money,  um, for going to the trip with his girlfriend",Teacher: <caption for frame 1> Teacher: <caption for frame 2> Teacher: <caption for frame 3> Teacher: <caption for frame 4> Teacher: <caption for frame 5> Teacher: <caption for frame 6>,<Tommy was excited at the thought of going on a trip.>,2.309040852163675,0.6237972337232317,0.12844036697247704,0.047619047619047616,0.11627906976744184,0.11627906976744184,0.0,0.5341178774833679,0.41737353801727295,0.4685836434364319,0.27283287048339844
23,2025-10-18T03:54:44,no_bbox,gpt-4o,"Okay, a few weeks ago is there is a boy that really want to go and have a play here in the sea, to have surfing things.  But unfortunately, he didn't have any - any - any money.   So, he starts to uh, searching about the job, part-time job.  And suddenly he found it that one of the store need a part-time job worker.  And after a week, until 2 weeks, he really, uh doing the good job and got the big amount of the salary.  And finally, he going to the holiday with - with his friends.  This is it.",Teacher: <caption for frame 1> Teacher: <caption for frame 2> Teacher: <caption for frame 3> Teacher: <caption for frame 4> Teacher: <caption for frame 5> Teacher: <caption for frame 6>,"Clearly eager for a sunny adventure, a young man dreams of a fun-filled day at the beach with friends.",,,0.1894736842105263,0.051948051948051945,0.1518987341772152,0.1518987341772152,0.0,0.5805394649505615,0.4221770763397217,0.47033387422561646,0.37706130743026733
24,2025-10-18T03:55:06,no_bbox,gpt-4o,"﻿A few weeks ago a man thought that holiday is very important for his life.
Because he needs refreshing. But he thinks that he didn't have money to go to holiday.  He didn't get enough money for his holiday.     So, when he walk somewhere, he found out that he, one of the - the shop needs a staff to do their job.  And after that this man applied for the job and did his job for - for like a month. And then after he work for a little bit time, he got his salary and he go to the holiday after.  I think that's all.",Teacher: <caption for frame 1> Teacher: <caption for frame 2> Teacher: <caption for frame 3> Teacher: <caption for frame 4> Teacher: <caption for frame 5> Teacher: <caption for frame 6>,A man realized that taking a holiday was essential for rejuvenation.,2.0627983871499245,0.6246491990613557,0.2592592592592593,0.07692307692307693,0.18518518518518515,0.18518518518518515,0.0,0.48982366919517517,0.40638282895088196,0.44421887397766113,0.3383343517780304
25,2025-10-18T03:55:29,no_bbox,gpt-4o,"﻿
A few weeks ago a guy once wants - wanted to go to the beach  but he had no money.  So, uh, then when he walked the street he found uh, a - a pamphlet written staff wanted.  It is like a fan, computers, or wardrobe, etcetera   And then he has - he had idea to - to sell his laptop.  So from that laptop selling he got the money. So now he can go to the beach and play with the other people.",Teacher: <caption for frame 1> Teacher: <caption for frame 2> Teacher: <caption for frame 3> Teacher: <caption for frame 4> Teacher: <caption for frame 5> Teacher: <caption for frame 6>,"A few weeks ago, a guy wanted to go to the beach.",1.028165631539429,0.973732524036321,0.3098591549295775,0.23188405797101447,0.2816901408450704,0.2816901408450704,0.04930089048450791,0.7837560176849365,0.4865671396255493,0.6003983020782471,0.5440937876701355
26,2025-10-18T03:55:50,no_bbox,gpt-4o,"A few weeks ago there is a man dreaming about vacation in the beach but he doesn't have money.   So, he - he go to job a vacation, then he got a job. His job is for selling computer.   Then a month later he got the salary or the money. Then he went to the beach.",Teacher: <caption for frame 1> Teacher: <caption for frame 2> Teacher: <caption for frame 3> Teacher: <caption for frame 4> Teacher: <caption for frame 5> Teacher: <caption for frame 6>,<The man dreams about a vacation at the beach.>,1.772239070165026,0.6872161866644204,0.14705882352941177,0.09523809523809522,0.1176470588235294,0.1176470588235294,0.013360580927785356,0.6496636867523193,0.4081982672214508,0.4744139313697815,0.42779168486595154
27,2025-10-18T03:56:36,no_bbox,gpt-4o,"Few - a few weeks ago a man uh decided to go to beach.   But sadly, he don't   have any money left in their   pocket.   So, when he walk to the city he saw an advertisement, staff wanted in a store.  He applied.  And when - and they accept their CV. So they, so he   uh work at store and he get a salary.  With the - the salary he get he go to the beach with his friend.  Okay.  I think that's all.",Teacher: <caption for frame 1> Teacher: <caption for frame 2> Teacher: <caption for frame 3> Teacher: <caption for frame 4> Teacher: <caption for frame 5> Teacher: <caption for frame 6>,"A few weeks ago, a man decided to go to the beach.",1.018713344726778,0.9824114635765462,0.3098591549295775,0.23188405797101447,0.3098591549295775,0.3098591549295775,0.04768225400790572,0.7620786428451538,0.4823123812675476,0.5907467603683472,0.4613596498966217
28,2025-10-18T03:57:00,no_bbox,gpt-4o,"﻿
A few weeks ago a boy want to swim in the beach because he loves swimming.   But after he look at his financial condition, he will see that he has no money to go there.  And when he walk home from maybe his school or his - yeah, his school, he said - he see something like announcement about working, maybe part-time, but that is near.  In - the job is about selling computer.  So after he working, actually he can find a customer to buy - to buy his - -to buy the computers. And after he sell the - the computer he get money or commission.  So after then - after that he can go swimming in the beach.",Teacher: <caption for frame 1> Teacher: <caption for frame 2> Teacher: <caption for frame 3> Teacher: <caption for frame 4> Teacher: <caption for frame 5> Teacher: <caption for frame 6>,"I'm sorry, I can't assist with that request.",1.907116649354602,0.731560064507691,0.11594202898550726,0.0,0.08695652173913043,0.08695652173913043,0.0,0.4551647901535034,0.31614482402801514,0.37312641739845276,0.05561866611242294
29,2025-10-18T03:57:23,no_bbox,gpt-4o,"A few weeks ago, the boy told that uh he wondering to uh swimming in the beach - at the beach  but the boys haven't - haven't the money.  And when he going to the home, uh he look up at the poster that uh there is information about staff wanted and he want - he want to take that uh job. I guess it is the boy just like selling laptop or just like, I don't know, selling and promotion as marketing I guess,and maybe the boy is success to sell the laptop  and - and then the boy get the money and use that money go to the swimming - to the beach for swimming with the friends.",Teacher: <caption for frame 1> Teacher: <caption for frame 2> Teacher: <caption for frame 3> Teacher: <caption for frame 4> Teacher: <caption for frame 5> Teacher: <caption for frame 6>,"A few weeks ago, the boy was thinking about going swimming at the beach.",1.1755939921897114,0.8785534255540065,0.273972602739726,0.18181818181818182,0.24561403508771928,0.24561403508771928,0.0692183501245242,0.7569011449813843,0.4814389646053314,0.5851909518241882,0.5165975093841553
30,2025-10-18T03:57:58,no_bbox,gpt-4o,"A few weeks ago there's a friend of mine.  He's a young adult and he wants to go on vacation.  He likes to swimming and sun tanning in a beach.  Unfortunately he did not have any money that time.  He's confusing and stressing over it  Then when he - when he walk on the city and the city square, he watch, he - he saw an advertisement which, which told him about hiring - a store - an electronic store hiring staff.  Then he applied to the job.  He applied to the job.  Then he did a great - he done a great - a great job for he can sell many, many products within this store. And the manager of the store very fond of him to the point of he gets many bonus for - for his salary. At the end of the month then he just, just use the - just use the money and spent it on the transportation to the - to the beach and any accommodation and his needs on - on his vacation.",Teacher: <caption for frame 1> Teacher: <caption for frame 2> Teacher: <caption for frame 3> Teacher: <caption for frame 4> Teacher: <caption for frame 5> Teacher: <caption for frame 6>,"<He imagined himself enjoying a sunny day at the beach with friends, longing for a getaway.>",,,0.18666666666666668,0.05479452054794521,0.17582417582417584,0.17582417582417584,0.0,0.5863054990768433,0.43431729078292847,0.4803805351257324,0.4469722509384155
31,2025-10-18T03:58:39,no_bbox,gpt-4o,"A - a few weeks ago there are a man in this picture that have plan for holiday.  He plan   for holiday in the beach.  Because the man is already enjoying swimming so he plan for swimming in the beach that in here is a beautiful beach.    And then but he have big problem, so he don't   have a lot of money.  So he is very sad in here.  And then he just looking for job and then look around the city.  And then in that time he already find   a job because there are company for opening job vacancy.  The company is I think it's about electronic company.  So, after that the man come to that company and have   a job.  And then after he have   a job he have a lot of consumer.  And then he get a lot of money from them.  After he get a lot of money, uhm, he come to the beach and then swimming in the beach and enjoying the beach also for the holiday.",Teacher: <caption for frame 1> Teacher: <caption for frame 2> Teacher: <caption for frame 3> Teacher: <caption for frame 4> Teacher: <caption for frame 5> Teacher: <caption for frame 6>,"In this first frame, a man is dreaming about a holiday at the beach, imagining himself swimming and enjoying the sunny weather.",1.935134115643753,0.6574864335862054,0.19753086419753088,0.06779661016949153,0.15,0.15,0.0,0.5839695334434509,0.4485020637512207,0.48067817091941833,0.3323093056678772
32,2025-10-18T03:59:06,no_bbox,gpt-4o,"Okay, so a few weeks ago, a boy really wanted to go to swimming in a beach because it's summer time and swimming like seems a lot of fun.   But he had - he had one problem that he didn't have money to go to the beach and to buy some drinks and everything else that we do in, we do in a beach  So, like he, he, he was wandering around the town.  And then, he found out that a small shop in town needed some more new staff to help.  And then he tried to apply to do - to that small shop to earn the job and then he got it.  He got the job and the job was in an electronic shop to sell some electronic stuffs.   And then after he did a couple of weeks of that small shop job uh, he got the money that he earned.  So, he used the money to go to the beach with his friends and do some fun in summertime and then, yeah, like he had a lot of fun that summer.",Teacher: <caption for frame 1> Teacher: <caption for frame 2> Teacher: <caption for frame 3> Teacher: <caption for frame 4> Teacher: <caption for frame 5> Teacher: <caption for frame 6>,The boy was thrilled to finally enjoy a day at the beach with his friends.,1.807986246613965,0.6972095574542796,0.24324324324324323,0.09090909090909091,0.19999999999999998,0.19999999999999998,0.03291574610380261,0.6574979424476624,0.4285394549369812,0.4952581524848938,0.38717910647392273
33,2025-10-18T03:59:33,no_bbox,gpt-4o,"Yes.  A few weeks ago, a man think that uh he want to go the - go to swimming,  so - but - and but he think that - he thought that he don't have the money.   So in - in that time he saw the poster about the staff wanted, so he think that if he gets a job like that, he can get the money.   So, he started to work as a - as a staff members   at the shop.   So, he - so since he worked - he worked better, so he finally get the money.  So, finally he went to the swimming.",Teacher: <caption for frame 1> Teacher: <caption for frame 2> Teacher: <caption for frame 3> Teacher: <caption for frame 4> Teacher: <caption for frame 5> Teacher: <caption for frame 6>,"<Finally, he went swimming and enjoyed his time at the beach.>",1.5042842373346244,0.7615580061359848,0.14814814814814814,0.0588235294117647,0.14814814814814814,0.14814814814814814,0.023856435109500734,0.5996036529541016,0.4490547478199005,0.5086442828178406,0.46682360768318176
34,2025-10-18T03:59:57,no_bbox,gpt-4o," A few weeks ago, so   I came about.
 A few weeks ago, I came office --- I --- an idea that to swim in the sea.  So --- but I don't have any money to go.  So, then, so --- so, the last day, I --- I found --- I found the paper --- paper at the floor.
 But then I decided to work to get money.  So, I --- I worked very hard. So, the --- the last day of working, I got much money.  So, this is enough to go to the beach.",Teacher: <caption for frame 1> Teacher: <caption for frame 2> Teacher: <caption for frame 3> Teacher: <caption for frame 4> Teacher: <caption for frame 5> Teacher: <caption for frame 6>,"""A few weeks ago, I had the idea to go swimming in the sea.""",1.407264101134476,0.864377555030709,0.273972602739726,0.14545454545454545,0.2465753424657534,0.2465753424657534,0.060122853489807206,0.6761281490325928,0.4763678014278412,0.5589358806610107,0.3666756749153137
35,2025-10-18T04:00:20,no_bbox,gpt-4o,"﻿
 A few year --- week --- a few weeks ago, a man told he's wanting to swim in the sea and number two --- but he have no money.  And number three, he found a part uh he found a --- the information about the part-time job and number four, uh, he started to do part-time job and uh in his part-time job, and he explained the PC and to the customer. And number five, he was given the money, uh, so he collect   the enough money.   So, number six, he can swim uh in the sea with his friends.",Teacher: <caption for frame 1> Teacher: <caption for frame 2> Teacher: <caption for frame 3> Teacher: <caption for frame 4> Teacher: <caption for frame 5> Teacher: <caption for frame 6>,"A few weeks ago, a man wished he could swim in the sea.",1.3130496648083922,0.8945434384628203,0.21428571428571427,0.11111111111111112,0.21428571428571427,0.21428571428571427,0.031396834289301366,0.6727343797683716,0.4331916570663452,0.5270206332206726,0.39381206035614014
36,2025-10-18T04:00:42,no_bbox,gpt-4o," A fee --- a few weeks ago, the man went to the sea and he uh --- then --- and he swim in the sea a lot  but it cost a lot because umm the sea is --- was far from where he lives, so it cost --- it umm cost very-very much to umm uh to go there and he find umm --- he found a umm part-time jobs umm offer  and he uh start to work at the umm electronic uh umm uh so he --- and he started to --- started working at the store which sells uh like uh electronic umm devices and he uh earned a lot of --- uh he earned a lot and then he --- finally he can umm go to the --- he can to the sea again with her --- if --- with his friends.",Teacher: <caption for frame 1> Teacher: <caption for frame 2> Teacher: <caption for frame 3> Teacher: <caption for frame 4> Teacher: <caption for frame 5> Teacher: <caption for frame 6>,"A few weeks ago, the man went to the sea and swam a lot.",1.0705170076494412,0.9435817678146582,0.2807017543859649,0.14545454545454545,0.24561403508771928,0.24561403508771928,0.0376638321078439,0.7026810050010681,0.4741697609424591,0.5648258924484253,0.4285082221031189
37,2025-10-18T04:01:09,no_bbox,gpt-4o," Okay. A few weeks ago, the boy wants to go to ocean in the summer and he wants --- wants to uh wanted to swim and also surfing  but he doesn't --- he didn't have the much money to go there, so umm he think how to earn the money  and the day before --- the day after he found the paper, which is written the ""staff wanted"" and he applied for the job there and there is a store, which sells the umm TV and refrigerators   and he worked up there and mostly he sell   the computers  and a few weeks he worked --- worked at the store and he get the much money and he went to the ocean to swim.",Teacher: <caption for frame 1> Teacher: <caption for frame 2> Teacher: <caption for frame 3> Teacher: <caption for frame 4> Teacher: <caption for frame 5> Teacher: <caption for frame 6>,"<caption for frame 1> The boy dreams of spending summer at the beach, enjoying swimming and surfing.",1.479087558588728,0.7641201518900856,0.1842105263157895,0.06666666666666667,0.13043478260869565,0.13043478260869565,0.0,0.5573473572731018,0.43915876746177673,0.4846743047237396,0.44933807849884033
38,2025-10-18T04:01:33,no_bbox,gpt-4o," A few weeks ago, a man eh a man think a plan to swim in summer --- a few weeks ago   but a man don't have money,  eh, a man find --- find a eh find a sign to --- sign to --- sign of job  and he --- he get a job, he he get a   money  to swim, then he can swim.",Teacher: <caption for frame 1> Teacher: <caption for frame 2> Teacher: <caption for frame 3> Teacher: <caption for frame 4> Teacher: <caption for frame 5> Teacher: <caption for frame 6>,"A few weeks ago, a man started thinking about a plan to swim in the summer.",1.2662806241963023,0.8510709399301273,0.2711864406779661,0.10526315789473682,0.23728813559322032,0.23728813559322032,0.04864580427735612,0.6386873722076416,0.46459144353866577,0.5328832268714905,0.39594772458076477
39,2025-10-18T04:01:58,no_bbox,gpt-4o,"﻿
 Uh. A few weeks ago, a boy think   she want --- uh --- he want to go to sea and swim with his friends.  But he don't   have enough money to go, something uh as to go to the sea.  And he --- he is walking along the street with thinking about the fund for swimming. And he find   the staff wanted. So, he entered the umm part-time job  and get   enough money  to go to the sea. So, he can enjoy swimming in the sea with his friends.",Teacher: <caption for frame 1> Teacher: <caption for frame 2> Teacher: <caption for frame 3> Teacher: <caption for frame 4> Teacher: <caption for frame 5> Teacher: <caption for frame 6>,"<Now, he's happily enjoying a day at the beach with his friends.>",1.9552005350899566,0.6954386280114409,0.16666666666666666,0.07339449541284404,0.16666666666666666,0.16666666666666666,0.028160282719292534,0.590121865272522,0.4210386872291565,0.4792894423007965,0.35407349467277527
40,2025-10-18T04:02:22,no_bbox,gpt-4o," A few weeks ago, a man wanted to see and --- and --- and go swim --- wanted to go --- wanted to go sea --- to sea. But she   had no money.  But someday, umm, the other day, he --- he looked uh   he looked a   paper, which says they --- they want staff.
 So, he applied its job.  And   uh the job was hmm  .
 Umm, huh, it means --- uh --- the job was   computer instructor.  After the work, he got uh a lot of money. So, he was able to go --- uh --- he was able to go to sea and enjoy swimming with   friends.",Teacher: <caption for frame 1> Teacher: <caption for frame 2> Teacher: <caption for frame 3> Teacher: <caption for frame 4> Teacher: <caption for frame 5> Teacher: <caption for frame 6>,The man dreamed of enjoying a sunny day at the beach.,1.928140744531968,0.7610372764965408,0.14285714285714285,0.0588235294117647,0.11627906976744184,0.11627906976744184,0.010276432006052763,0.6264038681983948,0.3934019207954407,0.4623430371284485,0.2790035605430603
41,2025-10-18T04:02:43,no_bbox,gpt-4o," Hmm, a few weeks ago, he --- he wanted to go for --- umm --- go to sea to swim in the sea  but he didn't have enough money to do so uh and he uh --- he hit upon --- umm, no, no, no, no he --- he found a --- he found a --- how can I say --- uh the advertising of staff wanted and he started the work at this store to --- and sell many PCs,  and after he got enough money  to go to swim, go for swimming, that's all.",Teacher: <caption for frame 1> Teacher: <caption for frame 2> Teacher: <caption for frame 3> Teacher: <caption for frame 4> Teacher: <caption for frame 5> Teacher: <caption for frame 6>,"<natural caption> For frame 1: ""he was dreaming of a fun day at the beach with friends.""",2.0004641103343266,0.6960669079648887,0.19130434782608696,0.07079646017699115,0.15789473684210525,0.15789473684210525,0.0,0.5510950088500977,0.425388902425766,0.4630098044872284,0.3209158182144165
42,2025-10-18T04:03:21,no_bbox,gpt-4o," A few weeks ago, the man want --- wanted to swim in the sea, but he does, he didn't have much money to realize it.  So, uh, um, when he walked around, uh, he saw a --- an advertisement of a umm a part-time job, a staff --- a staff wanted. So, he started to work --- work and uh he got uh mon, uh, enough money to realize his uh dream --- dream. Umm, so, uh, he could uh swim in the sea as he wanted.",Teacher: <caption for frame 1> Teacher: <caption for frame 2> Teacher: <caption for frame 3> Teacher: <caption for frame 4> Teacher: <caption for frame 5> Teacher: <caption for frame 6>,"A few weeks ago, the man wanted to swim in the sea,",1.0875871828820625,0.9457665317502303,0.22535211267605634,0.11764705882352941,0.19718309859154928,0.19718309859154928,0.027986743515765408,0.7302129864692688,0.4617091119289398,0.5637991428375244,0.4176470935344696
43,2025-10-18T04:03:45,no_bbox,gpt-4o," Okay.  A few weeks ago, he went to --- he went swimming in the sea, uhm, uh he wanted to go swimming in the sea, but he didn't have uhm enough money,  so he --- and then, he found the, um, he found ARBEIT so he worked --- he, he decided to work the shop and he worked  and he got the money,  so he could go swimming.",Teacher: <caption for frame 1> Teacher: <caption for frame 2> Teacher: <caption for frame 3> Teacher: <caption for frame 4> Teacher: <caption for frame 5> Teacher: <caption for frame 6>,"A few weeks ago, he went swimming in the sea, but he didn't have enough money. Then, he found a job opportunity and decided to work at the shop. After earning his pay, he was able to go swimming with his friends.",1.5732661070875482,0.77407478961051,0.4418604651162791,0.18000000000000002,0.3529411764705882,0.3529411764705882,0.28251722246952093,0.7329630255699158,0.6629875302314758,0.6962214112281799,0.6925485730171204
44,2025-10-18T04:04:09,no_bbox,gpt-4o,"Okay, a few weeks ago, a man went to swimming to the sea.  Can I?
A week, a few. I see.  Then, he lost his money.   So, he, he found, he have found a paper saying that ""staff wanted.""  It is a store of electronic devices. So, he, he wanted to moneys   and he started to working, started to work at that store.  He worked very well, very well  and he get, he get, he got a lot of money for his, his work.  Finally, he, he had money and he enjoyed swimming again in the sea with his friends.",Teacher: <caption for frame 1> Teacher: <caption for frame 2> Teacher: <caption for frame 3> Teacher: <caption for frame 4> Teacher: <caption for frame 5> Teacher: <caption for frame 6>,<He dreamed of enjoying a day at the beach with friends.>,1.6707508875224546,0.7346686424077404,0.17142857142857146,0.0588235294117647,0.17142857142857146,0.17142857142857146,0.0,0.6287869215011597,0.41870370507240295,0.4939996600151062,0.4424331486225128
45,2025-10-18T04:04:35,no_bbox,gpt-4o,"Uh, a few years ago, a man really wanted to go to swimming,  however, he didn't have enough money to go to swimming.  At that time, luckily, he found out something about recruitment poster, which is - which was about the - which was about the staff for sale - uh, to sale the appliances like computers or pens and he applied it. He got the job and he worked hard and he tried to - at the job he tried to sell the computers to the customers. So, as a result of - as a result of working in the job, he made lots of money. He made enough money to go to swimming.
Finally, he did made - uh, he did make it to go to swimming in the beach.",Teacher: <caption for frame 1> Teacher: <caption for frame 2> Teacher: <caption for frame 3> Teacher: <caption for frame 4> Teacher: <caption for frame 5> Teacher: <caption for frame 6>,"<The man was dreaming of spending a sunny day at the beach, enjoying the waves with friends.>",1.699280874647019,0.7058692796361064,0.21052631578947367,0.05405405405405405,0.1842105263157895,0.1842105263157895,0.0,0.6161835789680481,0.431165486574173,0.48887184262275696,0.38369932770729065
46,2025-10-18T04:05:11,no_bbox,gpt-4o,"﻿
Um, a few weeks ago, one boy wanted to go to the beach because he likes swimming.  But he hadn't enough money to go to the beach. But one day, um, when he was just taking a walk he saw an announcement that the - mm, the store is wanting staff. So, mm, he went there and became a seller for the store and he became the best seller.  So, he earned enough money to go to the sea. So, finally, he went to the beach and swim and played with his friends and he spent happy time.",Teacher: <caption for frame 1> Teacher: <caption for frame 2> Teacher: <caption for frame 3> Teacher: <caption for frame 4> Teacher: <caption for frame 5> Teacher: <caption for frame 6>,"<A few weeks ago, a young man dreamed of going to the beach to enjoy swimming.>",1.3684021641116435,0.8095449111128339,0.26666666666666666,0.136986301369863,0.21978021978021978,0.21978021978021978,0.06393829293795146,0.6588295698165894,0.4794784486293793,0.5550247430801392,0.46777743101119995
47,2025-10-18T04:05:35,no_bbox,gpt-4o,"﻿
A weeks ago, a boy wanted to go the beach. But he had no money to get there.    After a while he saw a - a kind of - um -part time job ad and he got the job. He was selling a laptop computer ,I guess. And he got his wages and then he could go to the beach.",Teacher: <caption for frame 1> Teacher: <caption for frame 2> Teacher: <caption for frame 3> Teacher: <caption for frame 4> Teacher: <caption for frame 5> Teacher: <caption for frame 6>,"A week ago, a boy wanted to go to the beach.",1.1418259784805815,0.9290907926729838,0.2592592592592593,0.14705882352941177,0.2285714285714286,0.2285714285714286,0.027313137472212475,0.7635694146156311,0.47643914818763733,0.5867609977722168,0.5722932815551758
48,2025-10-18T04:05:59,no_bbox,gpt-4o,"A few weeks ago, I went to---
Uh, I.
A few - a few weeks ago, a man wanted to go to the sea.   But he don't have enough money.  So he deter - determined to start to work.    So and then he get a job in electronic store.  He earned enough money, so he can - he could go to the sea with his friends.",Teacher: <caption for frame 1> Teacher: <caption for frame 2> Teacher: <caption for frame 3> Teacher: <caption for frame 4> Teacher: <caption for frame 5> Teacher: <caption for frame 6>,"A few weeks ago, a man wanted to go to the sea.",1.0477644756835027,0.956932344757601,0.2909090909090909,0.20289855072463767,0.2545454545454546,0.2545454545454546,0.03957923224665272,0.7438875436782837,0.48076149821281433,0.5755038261413574,0.43295538425445557
49,2025-10-18T04:06:24,no_bbox,gpt-4o,"A few weeks ago, uh, I---
A man went to go beach and surf.
Beach to go surf. But he has - uh, he has not money.  So, mm, he rounding town to town and he watch the higher stop.  
So, he applied to them. And work - work in electronic shop.  And he earned money. So, he can go to the beach.
And enjoy on the beach.",Teacher: <caption for frame 1> Teacher: <caption for frame 2> Teacher: <caption for frame 3> Teacher: <caption for frame 4> Teacher: <caption for frame 5> Teacher: <caption for frame 6>,A man was dreaming about going to the beach to surf.,,,0.17142857142857146,0.0588235294117647,0.14814814814814814,0.14814814814814814,0.0,0.6596460938453674,0.431977778673172,0.5143866539001465,0.3699134588241577
50,2025-10-18T04:06:47,no_bbox,gpt-4o,"Uh.  A - a few weeks ago, a man, uh, wants to go travelling.
---to the beach   but the - but the man, uh, had no money or a tight budget. So, he, uh - one day, he saw the, uh, poster---
---on the wall. He joined the electronic store  and after - after that, he gathered the money.And he was paid by a owner. Finally, he went to the beach with his friend.
That's all.",Teacher: <caption for frame 1> Teacher: <caption for frame 2> Teacher: <caption for frame 3> Teacher: <caption for frame 4> Teacher: <caption for frame 5> Teacher: <caption for frame 6>,"Sure, I can help with that.

<After noticing the job posting, he quickly decided to apply.>",3.3284548080474017,0.5892931726508318,0.19780219780219782,0.027397260273972605,0.13333333333333333,0.16,0.0,0.5040764808654785,0.45546475052833557,0.45931529998779297,0.27391862869262695
51,2025-10-18T04:07:10,no_bbox,gpt-4o,"A few weeks ago, a boy - a boy wanted to go on some vacation in the - in the beach.   But he don't have any spare money. At that time, he - he found a staff wanted, some with hiring. So, he, his sub - subject, uh, yeah, he suggests, no.
Anyway, in that - in that job.
And then, he - he got a job. So, he got the pay. So, he can - he can go.  So, now he - he is in the vacation with his friends.",Teacher: <caption for frame 1> Teacher: <caption for frame 2> Teacher: <caption for frame 3> Teacher: <caption for frame 4> Teacher: <caption for frame 5> Teacher: <caption for frame 6>,The boy was dreaming of a perfect beach vacation with friends under the bright sun.,2.141701506866673,0.6180772111922825,0.19469026548672566,0.036036036036036036,0.16216216216216214,0.16216216216216214,0.0,0.6824266314506531,0.4119122624397278,0.4970187544822693,0.4413909614086151
52,2025-10-18T04:07:34,no_bbox,gpt-4o,"Uh, a few weeks ago, he wanted to go, uh, ocean beach, but he didn't have any money. So, he find a part-time job he found a part-time job and he - he get - he got a part-time job. So, then he worked very hard,  he got the money. So, he can - he could go to ocean and he - he looked very enjoy.",Teacher: <caption for frame 1> Teacher: <caption for frame 2> Teacher: <caption for frame 3> Teacher: <caption for frame 4> Teacher: <caption for frame 5> Teacher: <caption for frame 6>,"""He had a dream of spending time at the beach.""",2.851633402411303,0.5615249234277898,0.14117647058823532,0.05970149253731343,0.11764705882352941,0.11764705882352941,0.014349830214704437,0.5992095470428467,0.41344207525253296,0.4875798523426056,0.40115657448768616
53,2025-10-18T04:07:56,no_bbox,gpt-4o,"Okay.  Ah, A few weeks ago Ali have an idea to go to the - to go to holiday at - at the ocean. Ah, however Ali doesn't have enough money to go for - for his holiday  Ah, while he walking at - at mall he suddenly saw a flyer with staff wanted.    So Ali was - Ali take the job, became a - and became a staff and he works  worked  at the shop. Ah, after - after that Ali - ah, Ali was give him his salary after and lastly Ali can go to the holiday.",Teacher: <caption for frame 1> Teacher: <caption for frame 2> Teacher: <caption for frame 3> Teacher: <caption for frame 4> Teacher: <caption for frame 5> Teacher: <caption for frame 6>,"I'm sorry, I can't assist with that.",1.7954085851756758,0.7588209894811067,0.1176470588235294,0.0,0.08823529411764705,0.08823529411764705,0.0,0.4547053277492523,0.29664185643196106,0.35904738306999207,0.1144072636961937
54,2025-10-18T04:08:20,no_bbox,gpt-4o,"﻿
Okay.  Ah, a few weeks ago, Ali wanted to go swimming um, at XXX but then he realized that he didn't have any money. So as he walked, passes by a store he saw ah, a vacancy that says staff wanted for promoting electrical devices, electronics like that and um he got the job and he worked as a part-timer as a - as a promoter  nd then when it's - after a month working he got his salary, he got his pay  and he used that money to go swimming with his friends, and that's all.",Teacher: <caption for frame 1> Teacher: <caption for frame 2> Teacher: <caption for frame 3> Teacher: <caption for frame 4> Teacher: <caption for frame 5> Teacher: <caption for frame 6>,"Okay, a few weeks ago, Ali wanted to go swimming at the beach.",1.3023979027828834,0.8703146446215132,0.3055555555555555,0.2285714285714286,0.3055555555555555,0.3055555555555555,0.06536948828230438,0.7515302300453186,0.4945513904094696,0.596542477607727,0.39846983551979065
55,2025-10-18T04:08:44,no_bbox,gpt-4o,"A few weeks ago there was this boy named John.  He wanted to go to - for swimming.  Unfortunately, he doesn't have any money and when he was walking around the street he saw an advertisement regarding staff wanted.   So, he worked part time and work diligently in order to get - to receive money.  Then he received his salary and he managed to went - and he managed to went to the sea by using own money.",Teacher: <caption for frame 1> Teacher: <caption for frame 2> Teacher: <caption for frame 3> Teacher: <caption for frame 4> Teacher: <caption for frame 5> Teacher: <caption for frame 6>,"<A few weeks ago, there was a boy named John who wanted to go swimming at the beach.>",1.1668618259292218,0.9103668386610874,0.3636363636363637,0.26666666666666666,0.28571428571428575,0.28571428571428575,0.11463648210635588,0.678774356842041,0.5090246200561523,0.5817699432373047,0.5167551040649414
56,2025-10-18T04:09:07,no_bbox,gpt-4o,"A few weeks ago, a man tried to, uh - he is thinking about going on vacation  But then, he thinks that he don't get - he don't get any money to go on the vacation.    So, when he passed some road, he, he saw the advertisement that, to become a salesman - because, uh, the, the advertisement said that  their  staff wanted.   So, he - he works and works at that shop, finally he can get some money from the shop because he works as a salesman there,  and then he and his friend can go on vacation.
That's why I think.",Teacher: <caption for frame 1> Teacher: <caption for frame 2> Teacher: <caption for frame 3> Teacher: <caption for frame 4> Teacher: <caption for frame 5> Teacher: <caption for frame 6>,<Enjoying a well-deserved vacation with friends after hard work.>,2.013051520479198,0.7206182626903577,0.11594202898550726,0.0,0.08695652173913043,0.08695652173913043,0.0,0.46583864092826843,0.37411046028137207,0.40828412771224976,0.5201421976089478
57,2025-10-18T04:09:32,no_bbox,gpt-4o,"A few weeks ago, Ali want to go swimming  and he do not have money, so he learned something that he need to get a job.  So he saw that paper like staff wanted so he get the job.  And after do the job,  Ali get money by the job  so Ali can go to swimming by the holiday. So now Ali can go with a friend to swimming in he leisure time.  Thank you.",Teacher: <caption for frame 1> Teacher: <caption for frame 2> Teacher: <caption for frame 3> Teacher: <caption for frame 4> Teacher: <caption for frame 5> Teacher: <caption for frame 6>,"A few weeks ago, Ali wanted to go swimming.",1.0234494601342015,0.9787727062468006,0.2352941176470588,0.16,0.2352941176470588,0.2352941176470588,0.014317186063835289,0.7733429670333862,0.46124428510665894,0.57784503698349,0.39382097125053406
58,2025-10-18T04:09:56,no_bbox,gpt-4o,"So a few week ago, Ali wanted to spend his time with his friend to - ah - laugh with XXX  .  So he was create time to spend with his friends,   but unfortunately, his do - he does - he did not have any saving at all to spend his travel.   So one day, he walked into a mall and - and saw a noti - like notication of staff wanted in the mall, and he wanted to make a part-time job to reach the saving for his travel.  So - ah - he - he tried to make part-time job in - ah - gadget sto - gadget store, and a few weeks later, he get his salary and - and he was enough to spend money for their trip, for the tickets and transport. Yet he can travel with his friends in XXX   river.",Teacher: <caption for frame 1> Teacher: <caption for frame 2> Teacher: <caption for frame 3> Teacher: <caption for frame 4> Teacher: <caption for frame 5> Teacher: <caption for frame 6>,Ali dreamed of spending a fun day at the beach with his friends.,1.3689716273180834,0.7934501464612546,0.16666666666666666,0.07339449541284404,0.16666666666666666,0.16666666666666666,0.020924971403325346,0.6521157622337341,0.4247906804084778,0.5084444880485535,0.36366507411003113
59,2025-10-18T04:10:19,no_bbox,gpt-4o,"A few weeks ago, a boy planning for vacation at Langkawi beach,  but he has - he had no money.  So he searched for job vacancy  and he build as salesman.  Then he - he got salary from his work and he able to buy ticket for the vacation with his family.",Teacher: <caption for frame 1> Teacher: <caption for frame 2> Teacher: <caption for frame 3> Teacher: <caption for frame 4> Teacher: <caption for frame 5> Teacher: <caption for frame 6>,"A few weeks ago, a boy was planning for a vacation at Langkawi Beach, dreaming of a fun time with his friends.",1.6127710561340556,0.7630150281535959,0.30769230769230765,0.13559322033898305,0.27692307692307694,0.27692307692307694,0.11598728694153884,0.6639677882194519,0.5167319774627686,0.5465026497840881,0.4614274501800537
60,2025-10-18T04:10:41,no_bbox,gpt-4o,"A few weeks ago, a man was have a dream to or a plan to have a vacation but he doesn't have any money  so he sit for job by looking at XXX man that paste on the wall   So he walked - he worked at, um, a start selling computers for a few weeks.  Then after that he got paid  and he went to the dream place that he want to go.",Teacher: <caption for frame 1> Teacher: <caption for frame 2> Teacher: <caption for frame 3> Teacher: <caption for frame 4> Teacher: <caption for frame 5> Teacher: <caption for frame 6>,"A few weeks ago, a man was dreaming or planning to go on a vacation.",1.1549937961813204,0.8906414061176872,0.3448275862068966,0.21428571428571427,0.3103448275862069,0.3103448275862069,0.06578257293674211,0.6850940585136414,0.49765753746032715,0.5765237808227539,0.4808069169521332
61,2025-10-18T04:11:04,no_bbox,gpt-4o,"A few weeks - a few weeks ago, a boy plans to swim and but he have an issue that, uh, he doesn't have money,  uh, so he, uh, decided to do some job or then he start working on a computer with others and get money. Uh, and at the last, uh, he fulfilled his wish or dream to swim with others.",Teacher: <caption for frame 1> Teacher: <caption for frame 2> Teacher: <caption for frame 3> Teacher: <caption for frame 4> Teacher: <caption for frame 5> Teacher: <caption for frame 6>,"A few weeks ago, a boy planned to swim and enjoy a day at the beach.",1.2078773745208602,0.8596038365733947,0.30508474576271183,0.136986301369863,0.24000000000000002,0.24000000000000002,0.064678195322963,0.7055841684341431,0.4921185076236725,0.5798284411430359,0.5203128457069397
62,2025-10-18T04:11:36,no_bbox,gpt-4o,"A few weeks ago, I dreamt
A boy?
Yes.  A - a boy or someone, uh, dreamt about swimming.
And it - uh, on a sunny day.
And for the - for the swimming or want - uh, the boy - uh, want to swim.  He doesn't have the - he didn't have the, uh, passes, uh, which are necessary for, uh, swimming in a swimming pool then, uh, in picture 3, in picture 2 And then, uh, he, uh, he is seeing a poster where it's written    staff wanted'.
For buying the ticket, he doesn't have the money.
And then he saw a poster there it is written    staff wanted'. And the boy can work on the computer.
And the boy, uh, got the job and then he, uh, then he works in a hotel where it is job needed. Then, he gets the money - he got the money  and then he went there for swimming.",Teacher: <caption for frame 1> Teacher: <caption for frame 2> Teacher: <caption for frame 3> Teacher: <caption for frame 4> Teacher: <caption for frame 5> Teacher: <caption for frame 6>,"<The boy works hard, earns his money, and finally enjoys a day at the beach with friends.>",,,0.23684210526315788,0.08108108108108109,0.21052631578947367,0.21052631578947367,0.0,0.5896580219268799,0.45862287282943726,0.49858173727989197,0.5781458020210266
63,2025-10-18T04:12:02,no_bbox,gpt-4o,"A few weeks ago, a boy went to a public pool, swimming pool and he saw kids enjoying in the water, so he - he too wanted to join them,  but he did not have enough money to pay for the, you know, the charges, they, uh, asked you to pay to be a part of that swimming pool. So, he went to a shop, uh, an electronic shop where a staff was needed.   So, he thought that if he worked there,  he could earn some money to pay for the swimming pool. So, he worked there for some days  he was finally able to join and have fun over there with the kids at swimming pool.",Teacher: <caption for frame 1> Teacher: <caption for frame 2> Teacher: <caption for frame 3> Teacher: <caption for frame 4> Teacher: <caption for frame 5> Teacher: <caption for frame 6>,<He imagined having fun at the beach with friends.>,1.6867275465385434,0.729746754547779,0.14705882352941177,0.0606060606060606,0.14705882352941177,0.14705882352941177,0.0,0.5946507453918457,0.42814308404922485,0.49653905630111694,0.4818350076675415
64,2025-10-18T04:12:28,no_bbox,gpt-4o,"A few weeks ago, a man, a boy dreamt of going to the beach. Next, but he has no money. So he looked for a job   and he got hired and got his salary after a month and then he was able to go to the beach with his girl.",Teacher: <caption for frame 1> Teacher: <caption for frame 2> Teacher: <caption for frame 3> Teacher: <caption for frame 4> Teacher: <caption for frame 5> Teacher: <caption for frame 6>,"A man dreamed of going to the beach with his friends, imagining the sun and fun times.",2.197043547266826,0.6213302209645607,0.23913043478260873,0.11111111111111112,0.19565217391304346,0.19565217391304346,0.0,0.641086220741272,0.4420718848705292,0.5138382315635681,0.3798322081565857
65,2025-10-18T04:12:52,no_bbox,gpt-4o,"A few weeks ago a man started swimming, went swimming in the beaches  and after that he lost a lot of money because of this.  He used a lot of money in the, in the vacation  and he saw a poster about ah, a store recruiting for staff.  Then, he got recruited.  He went to the, to the interview and got recruited.   And finally he, he was able to, he was able to save money from the job that he got Then, after that he went to vacation again, because he now has enough money to do it again.",Teacher: <caption for frame 1> Teacher: <caption for frame 2> Teacher: <caption for frame 3> Teacher: <caption for frame 4> Teacher: <caption for frame 5> Teacher: <caption for frame 6>,"<The man thought about his previous beach vacation, reminiscing about the fun he had with friends.>",1.7864727985545585,0.7006741035564553,0.19780219780219782,0.02247191011235955,0.13333333333333333,0.13333333333333333,0.0,0.5208972096443176,0.4289069175720215,0.4521152675151825,0.4242856800556183
66,2025-10-18T04:13:15,no_bbox,gpt-4o,"Okay.  A few weeks ago, a boy is planning for a vacation. But as he checked his ah, ah, funds, ah, he had noticed that his money is not enough for the vacation.  But what he did was to find a job for him to afford the vacation   and after that he finally had the salary  to afford a vacation with his friends.",Teacher: <caption for frame 1> Teacher: <caption for frame 2> Teacher: <caption for frame 3> Teacher: <caption for frame 4> Teacher: <caption for frame 5> Teacher: <caption for frame 6>,<A young man dreams of a beach vacation with his friends.>,1.7049534402324082,0.7191566758286028,0.1627906976744186,0.047619047619047616,0.1627906976744186,0.1627906976744186,0.016641017257352248,0.6278647184371948,0.4155028462409973,0.4703948497772217,0.4790777862071991
67,2025-10-18T04:13:40,no_bbox,gpt-4o,"A few weeks ago, the man was thinking of going to the beach.   Ah however, he has no money to spend, spend it. But one, but one day, he, he saw a poster of some stuff that ah, that has been, that has been sell, been selling in the, on the road. Then, he thought of selling his laptop to a man, also to have his money  and go to the beach with his friends.",Teacher: <caption for frame 1> Teacher: <caption for frame 2> Teacher: <caption for frame 3> Teacher: <caption for frame 4> Teacher: <caption for frame 5> Teacher: <caption for frame 6>,"A few weeks ago, the man was thinking of going to the beach with his friends.",,,0.29333333333333333,0.20224719101123598,0.29333333333333333,0.29333333333333333,0.07820171580636737,0.7578663229942322,0.4872223138809204,0.5867047309875488,0.43248480558395386
68,2025-10-18T04:14:03,no_bbox,gpt-4o,"Ah, okay.  A few weeks ago, a man went to the beach.  Unfortunately, he doesn't have enough money.  So, what he did was he then, he, unfortunately, he doesn't have enough money to go to the beach for a vacation.  He found a wanted poster by an electronic ah, electronic ah, store.  So, he applied to the electronic store  and started selling and earning money. And because he was earning money, he had, he went to the beach.",Teacher: <caption for frame 1> Teacher: <caption for frame 2> Teacher: <caption for frame 3> Teacher: <caption for frame 4> Teacher: <caption for frame 5> Teacher: <caption for frame 6>,<He saved enough money and finally enjoyed his vacation at the beach.>,2.1325516657426378,0.6883754910096543,0.16901408450704228,0.11594202898550723,0.14545454545454545,0.14545454545454545,0.02155672256393311,0.6561627984046936,0.4522673189640045,0.5089535713195801,0.5077319741249084
69,2025-10-18T04:14:23,no_bbox,gpt-4o,"Okay.  A few weeks ago, a boy dream about a vacation on a beach  and what he thought that he he doesn't have umm money to go to the beach.   So he decided ah he apply for a job and so he apply for a job and then when he applied for the job   he got money and then he spent the money  to ah to the beach he spent the money to ah explore the beach.",Teacher: <caption for frame 1> Teacher: <caption for frame 2> Teacher: <caption for frame 3> Teacher: <caption for frame 4> Teacher: <caption for frame 5> Teacher: <caption for frame 6>,"A few weeks ago, a boy dreamed about a vacation on a beach.",1.0619597673101426,0.9453696816481598,0.2857142857142857,0.14814814814814814,0.25000000000000006,0.25000000000000006,0.03943548968915737,0.7329684495925903,0.45237722992897034,0.535366415977478,0.5613957047462463
70,2025-10-18T04:14:47,no_bbox,gpt-4o,"Okay.  A few weeks ago, there is a boy who wanted to umm go swimming in the beach and then he realized that he doesn't have enough money.  And so while he was walking, he saw this poster that says that the store needs someone who is willing to be a staff.  And so he he accepted the offer and the offer was to sell a laptop.  And when he got home, he has this money  and so ah he was able to go swimming in the beach with his friends.",Teacher: <caption for frame 1> Teacher: <caption for frame 2> Teacher: <caption for frame 3> Teacher: <caption for frame 4> Teacher: <caption for frame 5> Teacher: <caption for frame 6>,"<A few weeks ago, there was a boy who wanted to go swimming at the beach.>",1.1184745285560782,0.9204812619826882,0.37333333333333335,0.273972602739726,0.29333333333333333,0.29333333333333333,0.10123943112799925,0.7147185206413269,0.5089221596717834,0.5945145487785339,0.6116782426834106
71,2025-10-18T04:15:09,no_bbox,gpt-4o,"A few weeks ago, I feel like I want to have some vacation, so, uh, maybe I want to go to the sea and -  but I have no money,  so I - I - I need to make some money, maybe working. And I just walk in the street and, uh, found a post, the some paper that announcement about, uh, they want a staff for work and will get money.  So, I joined the work. And when XXX   that I will get money,  so I get money and after that I can go to sea to have some vacation.",Teacher: <caption for frame 1> Teacher: <caption for frame 2> Teacher: <caption for frame 3> Teacher: <caption for frame 4> Teacher: <caption for frame 5> Teacher: <caption for frame 6>,I was thinking about how wonderful it would be to take a vacation by the sea.,1.9455318305035554,0.703095007191787,0.14035087719298245,0.03508771929824561,0.13559322033898305,0.13559322033898305,0.0,0.5237222909927368,0.4322834014892578,0.46269309520721436,0.3427899181842804
72,2025-10-18T04:15:32,no_bbox,gpt-4o,"Okay.  A few weeks ago, a man wanted to go to the sea for vacation.  But unfortunately he doesn't have money. So, he see the job, the hi - the XXX   hiring job  so he applied for the job for selling computers or the electronic something.    And then he received the money, so he can go to the sea and enjoy the vacations with friends.",Teacher: <caption for frame 1> Teacher: <caption for frame 2> Teacher: <caption for frame 3> Teacher: <caption for frame 4> Teacher: <caption for frame 5> Teacher: <caption for frame 6>,"""He dreamed of spending time at the beach, enjoying the sun and the sea with friends.""",1.780958766932102,0.6842032734502081,0.18666666666666668,0.05479452054794521,0.18666666666666668,0.18666666666666668,0.0,0.62876296043396,0.43507614731788635,0.5080305933952332,0.3978150188922882
73,2025-10-18T04:15:54,no_bbox,gpt-4o,"﻿
A few weeks ago, uh, Tim want to go the beach but he doesn't have enough money, mmm, for travel, yeah.  So, but he saw the, uh, advertising of the job, and he think it - his way to make the money for travel.  And, so he work at the advertising, and he selling the computer.  And he tried best and he make money enough for the travel,  and he can go to the sea with the friend.",Teacher: <caption for frame 1> Teacher: <caption for frame 2> Teacher: <caption for frame 3> Teacher: <caption for frame 4> Teacher: <caption for frame 5> Teacher: <caption for frame 6>,"A few weeks ago, Tim wanted to go to the beach.",1.0095411382201198,0.9908240514072549,0.2857142857142857,0.2352941176470588,0.2857142857142857,0.2857142857142857,0.039937840222042255,0.8025458455085754,0.48415541648864746,0.6039583086967468,0.3959096372127533
74,2025-10-18T04:16:16,no_bbox,gpt-4o,"The boy, oh.  A few week ago, the boy, uh, think to want to go to the sea and play in surf,  but he, uh, don't have money.  Um, he looking for work  and he get a job by, uh, electronic sale, computer sale.    He gets money for work  and he go to the sea with his friend.",Teacher: <caption for frame 1> Teacher: <caption for frame 2> Teacher: <caption for frame 3> Teacher: <caption for frame 4> Teacher: <caption for frame 5> Teacher: <caption for frame 6>,The boy was thinking about wanting to go to the sea and play in the surf a few weeks ago.,1.275074338541241,0.870963915832587,0.34920634920634924,0.19672131147540983,0.23157894736842105,0.23157894736842105,0.10194659292049178,0.7112115025520325,0.4791083335876465,0.5660526156425476,0.5223286151885986
75,2025-10-18T04:16:45,no_bbox,gpt-4o,"A few weeks ago, the boys thinked   that he want - he wanted to go to, uh, the beach, uh, to travel at the beach, and - and then she, uh, he - he - he realized that he didn't have enough money to go there. So, he tried and seeked to - seek the way to have enough money to go there.  And then she found that, uh, some shop want a staff, so he can get a job  and get money,  and then he can went to a beach like he want.",Teacher: <caption for frame 1> Teacher: <caption for frame 2> Teacher: <caption for frame 3> Teacher: <caption for frame 4> Teacher: <caption for frame 5> Teacher: <caption for frame 6>,"A few weeks ago, the boy thought that he wanted to travel to the beach.",1.1903486242901011,0.8867427455223565,0.31111111111111106,0.22727272727272727,0.2888888888888889,0.2888888888888889,0.060475413566686995,0.7471048831939697,0.5234076976776123,0.5941003561019897,0.5479549169540405
76,2025-10-18T04:17:06,no_bbox,gpt-4o,"Uh, a few weeks ago, I decided to - uh, I decided I want to go to the sea,  but I - it remind me something that I got no money.    So, I decided to find a part-time job at our counter stores and my responsibility is, uh, to take care of the customer and I thought that I did - my job is very good, so - and then a few weeks later, I got money from this part-time job,   and I spent those money with my - uh, my holiday at an island.",Teacher: <caption for frame 1> Teacher: <caption for frame 2> Teacher: <caption for frame 3> Teacher: <caption for frame 4> Teacher: <caption for frame 5> Teacher: <caption for frame 6>,"A few weeks ago, I decided I wanted to go to the sea.",1.1807086273786298,0.9028227209528334,0.3333333333333333,0.28571428571428575,0.2777777777777778,0.2777777777777778,0.06385654450132018,0.7984967827796936,0.5120048522949219,0.6239354610443115,0.49927350878715515
77,2025-10-18T04:17:40,no_bbox,gpt-4o,"A few weeks ago, I - um, I was thinking about to swim at White Sand Beach but I figured out that I had no money.  So, I walked past, uh, the street and I see - I see the notice about - about the staff wanted. And I apply to job, and I work for, uh, electronics seller,  and I got the money.  So, I could go to swim at White Sand Beach.",Teacher: <caption for frame 1> Teacher: <caption for frame 2> Teacher: <caption for frame 3> Teacher: <caption for frame 4> Teacher: <caption for frame 5> Teacher: <caption for frame 6>,I had been dreaming of swimming at White Sand Beach.,1.7053683336472087,0.7422718084722779,0.11764705882352941,0.029850746268656716,0.11594202898550726,0.11594202898550726,0.0,0.5965688824653625,0.4261370003223419,0.49715185165405273,0.36812177300453186
78,2025-10-18T04:18:03,no_bbox,gpt-4o,"So, a few weeks ago, he wanted to go swimming or at the sea,   but he got no money.   So - and he saw a poster of - of finding a job or something and so he got in there, I think.  And he got the money,  then he went to swimming with his friends.",Teacher: <caption for frame 1> Teacher: <caption for frame 2> Teacher: <caption for frame 3> Teacher: <caption for frame 4> Teacher: <caption for frame 5> Teacher: <caption for frame 6>,<He was daydreaming about a fun day at the beach with friends.>,1.4243189257172866,0.7881124617975273,0.19718309859154928,0.07407407407407407,0.16901408450704228,0.16901408450704228,0.0,0.5979103446006775,0.421430766582489,0.4642762541770935,0.4347826838493347
79,2025-10-18T04:18:29,no_bbox,gpt-4o,"Uh, a few weeks ago, I just - uh, I pop - popped up an idea to went out for vacation in the beach. But the problem is I am broke,  but a few days ago - uh, a few days later, I saw the advertisement that required staff, so I, uh, at the - uh, I go over and - go over and apply to need staff.  So, I got enough money and next month later, I went to the beach on my vacation.",Teacher: <caption for frame 1> Teacher: <caption for frame 2> Teacher: <caption for frame 3> Teacher: <caption for frame 4> Teacher: <caption for frame 5> Teacher: <caption for frame 6>,<Excitedly came up with the idea to go to the beach for a vacation.>,2.5833593930732053,0.7320726405825171,0.2465753424657534,0.11494252873563218,0.1797752808988764,0.1797752808988764,0.04727189790336588,0.5878865718841553,0.44495975971221924,0.49227988719940186,0.4327337145805359
80,2025-10-18T04:18:53,no_bbox,gpt-4o,"Okay, a few weeks - a few weeks ago, he want - he want to - to swim, but he - he is - he have no money, yeah, so - so he walk - walk to - to see staff wanted.  So - so they - they work - work in staff,  so they - he has money and he - he go swimming.",Teacher: <caption for frame 1> Teacher: <caption for frame 2> Teacher: <caption for frame 3> Teacher: <caption for frame 4> Teacher: <caption for frame 5> Teacher: <caption for frame 6>,"A few weeks ago, he wanted to go swimming.",1.10443325903077,0.9215481895275794,0.2692307692307693,0.17073170731707316,0.2352941176470588,0.2352941176470588,0.02384955885495908,0.8256752490997314,0.4801730811595917,0.60721755027771,0.5406990051269531
81,2025-10-18T04:19:33,no_bbox,gpt-4o,"Okay.  Um, a few weeks ago, a guy, his name is Jo.  Maybe, he's Jo.  Okay, a few weeks ago, Jo, uh, wanted to go to swimming on the, uh, to go swimming on the beach, but then, he realized he had no money in the pocket. So, he saw some ads on - and he saw some ads on the street  and then he went to work in the computer store.  And then, uh, at the end of the month, uh, he got the salary. And finally, uh, he realized his dream, uh, to - uh, to play on the beach and go swimming.",Teacher: <caption for frame 1> Teacher: <caption for frame 2> Teacher: <caption for frame 3> Teacher: <caption for frame 4> Teacher: <caption for frame 5> Teacher: <caption for frame 6>,"<On a sunny day, Jo was daydreaming about spending time at the beach with friends.>",1.4677516489748041,0.8177511286004698,0.18918918918918917,0.05555555555555555,0.16216216216216214,0.16216216216216214,0.0,0.5295145511627197,0.43640434741973877,0.46814078092575073,0.42383137345314026
82,2025-10-18T04:19:58,no_bbox,gpt-4o,"A man?  Okay, a few weeks ago, a man thinks that he want to have a vacation and to,  but the balance is like if - it sounds like he don't have enough money. So, he tries to figure out the way to earn money and then he saw, uh, posters and it provides some, uh, information of the employment.  And also he went to find the manager and asked for the application of the job. And well, after that he becomes a staff of the company and then he earns the money, and lastly, he went to the vacation.",Teacher: <caption for frame 1> Teacher: <caption for frame 2> Teacher: <caption for frame 3> Teacher: <caption for frame 4> Teacher: <caption for frame 5> Teacher: <caption for frame 6>,A man is dreaming about relaxing on a sunny beach with friends and family.,2.247270172292222,0.6658581730404419,0.16438356164383564,0.03636363636363636,0.14035087719298245,0.14035087719298245,0.0,0.6146563291549683,0.4016769230365753,0.46808546781539917,0.28132328391075134
83,2025-10-18T04:20:23,no_bbox,gpt-4o,"A few weeks ago, Tom wanted to have a trip to an island, and he liked to swim at sea. But he had no money. And he saw the staff wanted poster.   Then, he - staff wanted poster - then he thought that he could - he could earn money by applying this job to achieve the goal that he wanted to go on a trip. So he applied a job successfully--- 
---and he finally got enough money  and then he went on the trip.",Teacher: <caption for frame 1> Teacher: <caption for frame 2> Teacher: <caption for frame 3> Teacher: <caption for frame 4> Teacher: <caption for frame 5> Teacher: <caption for frame 6>,"<A few weeks ago, Tom dreamed of taking a trip to an island, where he could swim in the sea.>",1.2697327547027186,0.85178922344364,0.22222222222222227,0.09836065573770492,0.22222222222222227,0.22222222222222227,0.07335680127175358,0.6284875869750977,0.49829381704330444,0.545970618724823,0.4234001040458679
84,2025-10-18T04:21:02,no_bbox,gpt-4o,"A few weeks ago, a boy named Jack - uh, Jack want to, uh, go to the beach and - and play - play in water in the sea, maybe swimming and surfing.  But he don't have any - he didn't have, uh, enough money to do it. So, he was a little bit sad.  And, uh, when he walked on the road, he noticed a post that the store want to - wanted to, uh, client.  And so, he went into the door and he, uh, was - he was become - uh, he become - became a client.  And he sell the computer to the customers.   And he has - he had money. And finally, he went to the beach and play in the water with his friends.",Teacher: <caption for frame 1> Teacher: <caption for frame 2> Teacher: <caption for frame 3> Teacher: <caption for frame 4> Teacher: <caption for frame 5> Teacher: <caption for frame 6>,"A few weeks ago, a boy named Jack wanted to go to the beach and play in the water, maybe swimming and surfing.",1.089014305177539,0.9413637219707987,0.41463414634146345,0.25000000000000006,0.29268292682926833,0.29268292682926833,0.18096293258764357,0.7260745763778687,0.5238261818885803,0.6085873246192932,0.5767437219619751
85,2025-10-18T04:21:26,no_bbox,gpt-4o,"...  Okay, so a few weeks ago, the boy want to - uh, the boy just had a strong feeling to go swimming at the beach. But he had no money to - he had no money to buy his swimming suit; therefore, he went - he - one day he just went past by a shop. Um, on the window of the shop, he find a poster say - said that, uh, they want a staff - part-time staff for them.  So, he went - he go for - he went for it to sell the - some computers or PC devices or gadgets for them. And then he finally earned some money - earned enough money for - for his swimming suit.    So, therefore he can go - he can went swimming with his friends.",Teacher: <caption for frame 1> Teacher: <caption for frame 2> Teacher: <caption for frame 3> Teacher: <caption for frame 4> Teacher: <caption for frame 5> Teacher: <caption for frame 6>,The boy had a strong desire to go swimming at the beach with his friends.,1.227736246214769,0.8739693780719956,0.27027027027027023,0.11363636363636363,0.24444444444444444,0.24444444444444444,0.04519918156120088,0.7159648537635803,0.4819675087928772,0.5678545832633972,0.40053850412368774
86,2025-10-18T04:21:49,no_bbox,gpt-4o,"﻿
Okay.  A few weeks ago, there have a boy. He want to go swimming, but he doesn't have enough money  And he walked on the street.  He looked a post. So, he found - he found the part-time job.  And he get the money.    And he - finally he go swimming in the sea.",Teacher: <caption for frame 1> Teacher: <caption for frame 2> Teacher: <caption for frame 3> Teacher: <caption for frame 4> Teacher: <caption for frame 5> Teacher: <caption for frame 6>,"A few weeks ago, there was a boy who wanted to go swimming.",1.0863381225607007,0.9315725238577564,0.32142857142857145,0.2,0.25000000000000006,0.25000000000000006,0.03744062418978851,0.7468287944793701,0.48104268312454224,0.5851696133613586,0.5883443355560303
87,2025-10-18T04:22:22,no_bbox,gpt-4o,"...  A few days ago, um, uh, a boy want to travel somewhere have a sea  but he don't have enough money   and he want to find a job to any  sell the computer and makes lots of money and so he can, uh, travel to somewhere and swimming in the sea.",Teacher: <caption for frame 1> Teacher: <caption for frame 2> Teacher: <caption for frame 3> Teacher: <caption for frame 4> Teacher: <caption for frame 5> Teacher: <caption for frame 6>,"A few days ago, a boy wanted to travel to a place by the sea.",1.170286870905893,0.8934350709801883,0.27586206896551724,0.05555555555555555,0.2068965517241379,0.2068965517241379,0.0,0.663853645324707,0.4711739420890808,0.5415353178977966,0.5229261517524719
88,2025-10-18T04:22:46,no_bbox,gpt-4o,"﻿
A fews  - a few weeks ago a man he want to swimming for XXX   , but he - he didn't have money.  So, he see a staff - so he see a - a - a - he see a staff work. So, he go to work  to make money. About many - about 2 will - 2 weeks later he can go to swimming and suddenly with his friend.",Teacher: <caption for frame 1> Teacher: <caption for frame 2> Teacher: <caption for frame 3> Teacher: <caption for frame 4> Teacher: <caption for frame 5> Teacher: <caption for frame 6>,"A few weeks ago, a man wanted to go swimming with his friends.",,,0.3055555555555555,0.16279069767441862,0.2777777777777778,0.2777777777777778,0.04974174287008088,0.7800243496894836,0.4931366443634033,0.6042576432228088,0.43282508850097656
89,2025-10-18T04:23:09,no_bbox,gpt-4o,"Yeah.  A few weeks ago, my brother wanted to go to beach and swim - swimming and surfing. But however, he found that he didn't have enough money to go to beach.  Then, he went to a - a computer store and he passed - he - he passed by a com - computer store then he found that there is a wanted post - post on the glass.  Then, he - he - he thought that, oh, it's a bat - it's a better way to - to earn money. So, he started to sell computer.  Then, he got his first, um, his first XXX  - his first mon - money to go to beach.  Yeah.",Teacher: <caption for frame 1> Teacher: <caption for frame 2> Teacher: <caption for frame 3> Teacher: <caption for frame 4> Teacher: <caption for frame 5> Teacher: <caption for frame 6>,"A young man dreams of a perfect beach day with friends, imagining the sun, sea, and fun activities.",2.1911125909609246,0.5954921645028511,0.18181818181818185,0.0,0.12987012987012986,0.12987012987012986,0.0,0.5458966493606567,0.40057456493377686,0.44968974590301514,0.38540372252464294
90,2025-10-18T04:23:31,no_bbox,gpt-4o,"Okay.  A few weeks ago, Adam went to the beach and he swam under the sunny day. And then he found he lost his money  and - and at this moment, he saw one notice say staff wanted.  So, he go to interview and got the job  and the money.  So, he went to speak - he went to beach again to make fun - to make - to play with his college friends.",Teacher: <caption for frame 1> Teacher: <caption for frame 2> Teacher: <caption for frame 3> Teacher: <caption for frame 4> Teacher: <caption for frame 5> Teacher: <caption for frame 6>,"A few weeks ago, Adam went to the beach and enjoyed swimming under the sunny sky.",1.1400664149877775,0.9230456001251841,0.26666666666666666,0.1643835616438356,0.24000000000000002,0.24000000000000002,0.06452364655953863,0.698703408241272,0.472368061542511,0.5636635422706604,0.41144922375679016
91,2025-10-18T04:23:54,no_bbox,gpt-4o,"Okay.  A few weeks ago, um, John wants to, uh, go to swim in the ocean, however, he didn't have enough money to go to the trip.  And one day when he walk - walk in a street - on a street, he saw a - the staff wanted, um, advertisements,  then he, um, he gets into and - and he interview this job successfully. And then he have - and already, um, um, uh, earn enough money, earn enough money  and thus he go to the ocean with his friends.",Teacher: <caption for frame 1> Teacher: <caption for frame 2> Teacher: <caption for frame 3> Teacher: <caption for frame 4> Teacher: <caption for frame 5> Teacher: <caption for frame 6>,John daydreamed about spending time at the beach with his friends.,1.808037843490619,0.768200287650679,0.14285714285714285,0.07476635514018691,0.14285714285714285,0.14285714285714285,0.013360580927785356,0.6017974615097046,0.42793047428131104,0.49168771505355835,0.40439608693122864
92,2025-10-18T04:24:17,no_bbox,gpt-4o,"Um, a few weeks ago, a man - the man want to go swim - go swimming---
---at a sunny day,  but - but he - he has no money. So, and he walk on a street.He - he saw - he saw a - he can get a - he can be a employee, chance. Uh, so he go to work for sell - selling computer. Uh, then, he get - then, he get the money. Finally, he - he can go swimming with his friends.",Teacher: <caption for frame 1> Teacher: <caption for frame 2> Teacher: <caption for frame 3> Teacher: <caption for frame 4> Teacher: <caption for frame 5> Teacher: <caption for frame 6>,"A few weeks ago, a man wanted to go swimming on a sunny day.",1.1184511924985334,0.945214252190017,0.31578947368421056,0.18181818181818182,0.2807017543859649,0.2807017543859649,0.0429127566021889,0.6975963711738586,0.46525177359580994,0.5573891997337341,0.4572296142578125
